-- phpMyAdmin SQL Dump
-- version 4.8.3
-- https://www.phpmyadmin.net/
--
-- Host: 127.0.0.1
-- Generation Time: 29-Maio-2019 às 05:09
-- Versão do servidor: 10.1.35-MariaDB
-- versão do PHP: 7.2.9

SET SQL_MODE = "NO_AUTO_VALUE_ON_ZERO";
SET AUTOCOMMIT = 0;
START TRANSACTION;
SET time_zone = "+00:00";


/*!40101 SET @OLD_CHARACTER_SET_CLIENT=@@CHARACTER_SET_CLIENT */;
/*!40101 SET @OLD_CHARACTER_SET_RESULTS=@@CHARACTER_SET_RESULTS */;
/*!40101 SET @OLD_COLLATION_CONNECTION=@@COLLATION_CONNECTION */;
/*!40101 SET NAMES utf8mb4 */;

--
-- Database: `sweets00_sistema-bd`
--

-- --------------------------------------------------------

--
-- Estrutura da tabela `tb_alimento_pedido`
--

CREATE TABLE `tb_alimento_pedido` (
  `id_pedido` int(6) DEFAULT NULL,
  `id_cardapio` int(6) DEFAULT NULL,
  `quant` int(3) DEFAULT NULL,
  `situacao` char(1) DEFAULT NULL,
  `hora_envio` time DEFAULT NULL
) ENGINE=InnoDB DEFAULT CHARSET=latin1;

--
-- Extraindo dados da tabela `tb_alimento_pedido`
--

INSERT INTO `tb_alimento_pedido` (`id_pedido`, `id_cardapio`, `quant`, `situacao`, `hora_envio`) VALUES
(1, 162, 1, '2', '08:38:00'),
(1, 91, 1, '2', '08:38:00'),
(1, 122, 1, '2', '08:38:00');

-- --------------------------------------------------------

--
-- Estrutura da tabela `tb_cadastro`
--

CREATE TABLE `tb_cadastro` (
  `id_cadastro` int(11) NOT NULL,
  `nome_completo` varchar(25) DEFAULT NULL,
  `email` varchar(150) DEFAULT NULL
) ENGINE=InnoDB DEFAULT CHARSET=latin1;

--
-- Extraindo dados da tabela `tb_cadastro`
--

INSERT INTO `tb_cadastro` (`id_cadastro`, `nome_completo`, `email`) VALUES
(2, 'Bruno Ger', 'gerente@gmail.com'),
(3, 'Caixa', 'caixa@gmail.com'),
(4, 'Garï¿½om', 'garcom@gmail.com'),
(5, 'Cozinheiro', 'cozinheiro@gmail.com'),
(164, 'Bruno Assis Miglioretto', 'bruno@gmail.com'),
(165, 'vinicius clemente', 'viniciusclemente9680@gmail.com'),
(166, 'Rafael K C', 'rafael@gmail.com'),
(167, 'Rafael Kcre', 'rafaelkcre@gmail.com'),
(168, 'jorge victor bencke gasta', 'jvb.gastaldi@hotmail.com'),
(169, 'Jorge Victor B.G.', 'ginabencke@hotmail.com'),
(170, 'vinicius', 'vincius@gmail.com'),
(171, 'Matheus Ribeiro', 'metheusribeiro@hotmail.com'),
(172, 'vitoria messias', 'vitoriam.messias@gmail.com'),
(173, 'Matheus Ribeiro', 'cafungacarequinhas@gmail.com'),
(174, 'Guilherme Liz', 'guilherme.liz14@gmail.com'),
(175, 'bruno', 'brunoa@gmail.com'),
(176, 'bruno', 'bruno@gmail.comb'),
(177, 'Bruno Assis', 'brunom@gmail.com'),
(178, 'bruno', 'bru12o@gmail.com'),
(179, 'bruno', 'baru12o@gmail.com'),
(180, 'Tare', 'tae@gmail.com'),
(181, 'bruno', 'juremaaqfm@hotmail.com');

-- --------------------------------------------------------

--
-- Estrutura da tabela `tb_cardapio`
--

CREATE TABLE `tb_cardapio` (
  `id_cardapio` int(11) NOT NULL,
  `id_cardapio_subcat` int(6) DEFAULT NULL,
  `nome` varchar(25) DEFAULT NULL,
  `valor_unitario` float(9,2) DEFAULT NULL,
  `peso_grama` varchar(15) DEFAULT NULL,
  `calorias` int(6) DEFAULT NULL
) ENGINE=InnoDB DEFAULT CHARSET=latin1;

--
-- Extraindo dados da tabela `tb_cardapio`
--

INSERT INTO `tb_cardapio` (`id_cardapio`, `id_cardapio_subcat`, `nome`, `valor_unitario`, `peso_grama`, `calorias`) VALUES
(81, 10, 'Sanduíche Natural', 8.00, '800g', 314),
(89, 4, 'Água com gás', 3.00, '500ml', 0),
(90, 4, 'Água sem gás', 3.00, '500ml', 0),
(91, 1, 'Suco de laranja', 4.00, '350ml', 70),
(95, 1, 'Suco de limão', 4.00, '350ml', 70),
(100, 1, 'Suco de morango', 4.00, '350ml', 70),
(101, 1, 'Suco de abacaxi', 4.00, '350ml', 150),
(102, 1, 'Suco de banana', 4.00, '350ml', 120),
(104, 1, 'Suco de mamão', 4.00, '350ml', 120),
(105, 1, 'Suco de manga', 4.00, '350ml', 150),
(107, 1, 'Suco de açai', 4.00, '350ml', 200),
(108, 3, 'Suco de limão', 4.50, '350ml', 170),
(109, 3, 'Suco de laranja', 4.50, '350ml', 170),
(112, 3, 'Suco de morango', 4.50, '350ml', 170),
(113, 3, 'Suco de abacaxi', 4.50, '350ml', 250),
(114, 3, 'Suco de banana', 4.50, '350ml', 220),
(116, 3, 'Suco de mamão', 4.50, '350ml', 220),
(117, 3, 'Suco de manga', 4.50, '350ml', 250),
(119, 3, 'Suco de açai', 4.50, '350ml', 300),
(121, 5, 'Shake de chocolate', 7.00, '350ml', 200),
(122, 5, 'Shake de morango', 7.00, '350ml', 200),
(123, 5, 'Shake de baunilha', 7.00, '350ml', 200),
(147, 6, 'Suco Detox', 5.00, '350ml', 250),
(154, 9, 'Pastel de ricota', 5.00, '300g', 300),
(155, 9, 'Pastel de carne', 5.00, '300g', 300),
(156, 9, 'Pastel de presunto', 5.00, '300g', 300),
(158, 12, 'Salada de frutas', 5.00, '400g', 50),
(159, 12, 'Açaí com granola', 5.00, '350ml', 110),
(160, 12, 'Barra de cereal', 5.00, '400g', 80),
(161, 12, 'Cookies', 5.00, '150g', 12),
(162, 8, 'Coxinha Assada', 5.00, '450g', 50),
(164, 11, 'Empada de frango', 5.00, '350g', 200),
(165, 11, 'Empada de palmito', 5.00, '350g', 200),
(166, 11, 'Empada de bacalhau', 5.00, '350g', 200);

-- --------------------------------------------------------

--
-- Estrutura da tabela `tb_cardapio_cat`
--

CREATE TABLE `tb_cardapio_cat` (
  `id_cardapio_cat` int(11) NOT NULL,
  `nome_cardapio_cat` varchar(20) DEFAULT NULL
) ENGINE=InnoDB DEFAULT CHARSET=latin1;

--
-- Extraindo dados da tabela `tb_cardapio_cat`
--

INSERT INTO `tb_cardapio_cat` (`id_cardapio_cat`, `nome_cardapio_cat`) VALUES
(1, 'Bebidas'),
(2, 'Salgados'),
(3, 'Doces');

-- --------------------------------------------------------

--
-- Estrutura da tabela `tb_cardapio_subcat`
--

CREATE TABLE `tb_cardapio_subcat` (
  `id_cardapio_subcat` int(11) NOT NULL,
  `id_cardapio_cat` int(6) DEFAULT NULL,
  `nome_cardapio_subcat` varchar(35) DEFAULT NULL
) ENGINE=InnoDB DEFAULT CHARSET=latin1;

--
-- Extraindo dados da tabela `tb_cardapio_subcat`
--

INSERT INTO `tb_cardapio_subcat` (`id_cardapio_subcat`, `id_cardapio_cat`, `nome_cardapio_subcat`) VALUES
(1, 1, 'Suco com água'),
(3, 1, 'Suco com leite semi desnatado'),
(4, 1, 'Água'),
(5, 1, 'Shake Whey Protein'),
(6, 1, 'Suco Detox'),
(8, 2, 'Coxinha'),
(9, 2, 'Pastal Assado'),
(10, 2, 'Sanduíche Natural'),
(11, 2, 'Empada'),
(12, 3, 'Doces');

-- --------------------------------------------------------

--
-- Estrutura da tabela `tb_cliente`
--

CREATE TABLE `tb_cliente` (
  `id_cadastro` int(6) DEFAULT NULL,
  `data_nascimento` date DEFAULT NULL,
  `sexo` char(1) DEFAULT NULL
) ENGINE=InnoDB DEFAULT CHARSET=latin1;

--
-- Extraindo dados da tabela `tb_cliente`
--

INSERT INTO `tb_cliente` (`id_cadastro`, `data_nascimento`, `sexo`) VALUES
(164, '2002-02-24', 'M'),
(165, '2000-02-02', 'M'),
(166, '2000-02-02', 'M'),
(167, '2000-02-02', 'F'),
(168, '2000-02-02', 'F'),
(169, '2000-02-02', 'F'),
(170, '2000-02-02', 'F'),
(171, '2000-02-02', 'F'),
(172, '2000-02-02', 'F'),
(173, '2000-02-02', 'F'),
(174, '2000-02-02', 'F'),
(175, '2000-02-02', 'F'),
(176, '2000-02-02', 'F'),
(177, '2002-02-24', 'M'),
(181, '2000-02-12', 'F');

-- --------------------------------------------------------

--
-- Estrutura da tabela `tb_funcionario`
--

CREATE TABLE `tb_funcionario` (
  `id_cadastro` int(6) DEFAULT NULL,
  `rg` varchar(30) DEFAULT NULL,
  `cpf` varchar(30) DEFAULT NULL,
  `cargo` varchar(15) DEFAULT NULL
) ENGINE=InnoDB DEFAULT CHARSET=latin1;

--
-- Extraindo dados da tabela `tb_funcionario`
--

INSERT INTO `tb_funcionario` (`id_cadastro`, `rg`, `cpf`, `cargo`) VALUES
(2, '85.555.855-5', '966.666.666-69', 'Gerente'),
(3, '32131', '58978', 'Caixa'),
(4, '54.511.111-1', '554.411.111-11', 'Garcom'),
(5, '55.588.888-8', '696.777.788-88', 'Cozinheiro'),
(180, '36.333.633-3', '362.552.521-15', 'Cozinheiro');

-- --------------------------------------------------------

--
-- Estrutura da tabela `tb_historico_alimento_pedido`
--

CREATE TABLE `tb_historico_alimento_pedido` (
  `id_historico_pedido` int(6) DEFAULT NULL,
  `id_cardapio` int(6) DEFAULT NULL,
  `quant` int(3) DEFAULT NULL,
  `hora_envio` time DEFAULT NULL
) ENGINE=InnoDB DEFAULT CHARSET=latin1;

--
-- Extraindo dados da tabela `tb_historico_alimento_pedido`
--

INSERT INTO `tb_historico_alimento_pedido` (`id_historico_pedido`, `id_cardapio`, `quant`, `hora_envio`) VALUES
(1, 91, 50, '22:01:00'),
(1, 95, 50, '22:01:00'),
(1, 100, 50, '22:01:00'),
(1, 101, 50, '22:01:00'),
(1, 107, 50, '22:01:00'),
(1, 119, 50, '22:01:00'),
(1, 117, 50, '22:01:00'),
(1, 116, 50, '22:01:00'),
(1, 114, 50, '22:01:00'),
(1, 113, 50, '22:01:00'),
(1, 90, 50, '22:01:00'),
(1, 89, 50, '22:01:00'),
(1, 121, 50, '22:01:00'),
(1, 122, 50, '22:01:00'),
(1, 123, 50, '22:01:00'),
(1, 147, 50, '22:01:00'),
(1, 158, 50, '22:01:00'),
(1, 159, 50, '22:01:00'),
(1, 160, 50, '22:01:00'),
(1, 161, 50, '22:01:00'),
(1, 162, 50, '22:01:00'),
(1, 154, 50, '22:01:00'),
(1, 155, 50, '22:01:00'),
(1, 156, 50, '22:01:00'),
(1, 81, 50, '22:01:00'),
(1, 164, 50, '22:01:00'),
(1, 165, 50, '22:01:00'),
(1, 166, 50, '22:01:00'),
(1, 91, 1, '16:10:00'),
(1, 158, 1, '16:10:00'),
(1, 162, 1, '16:10:00'),
(1, 162, 1, '16:28:00'),
(2, 91, 1, '21:20:00'),
(1, 91, 200, NULL),
(1, 95, 100, NULL),
(1, 100, 215, NULL),
(1, 101, 202, NULL),
(1, 102, 241, NULL),
(1, 104, 97, NULL),
(1, 105, 263, NULL),
(1, 107, 59, NULL),
(1, 108, 17, NULL),
(1, 109, 72, NULL),
(1, 112, 103, NULL),
(1, 113, 205, NULL),
(1, 114, 285, NULL),
(1, 116, 37, NULL),
(1, 117, 146, NULL),
(1, 119, 10, NULL),
(1, 89, 174, NULL),
(1, 90, 288, NULL),
(1, 121, 33, NULL),
(1, 122, 99, NULL),
(1, 123, 61, NULL),
(1, 147, 194, NULL),
(1, 162, 74, NULL),
(1, 154, 132, NULL),
(1, 155, 238, NULL),
(1, 156, 172, NULL),
(1, 81, 265, NULL),
(1, 164, 40, NULL),
(1, 165, 232, NULL),
(1, 166, 2, NULL),
(1, 158, 164, NULL),
(1, 159, 189, NULL),
(1, 160, 144, NULL),
(1, 161, 200, NULL),
(2, 91, 164, NULL),
(2, 95, 289, NULL),
(2, 100, 127, NULL),
(2, 101, 139, NULL),
(2, 102, 96, NULL),
(2, 104, 85, NULL),
(2, 105, 217, NULL),
(2, 107, 112, NULL),
(2, 108, 113, NULL),
(2, 109, 59, NULL),
(2, 112, 194, NULL),
(2, 113, 55, NULL),
(2, 114, 83, NULL),
(2, 116, 6, NULL),
(2, 117, 105, NULL),
(2, 119, 260, NULL),
(2, 89, 146, NULL),
(2, 90, 4, NULL),
(2, 121, 111, NULL),
(2, 122, 105, NULL),
(2, 123, 169, NULL),
(2, 147, 7, NULL),
(2, 162, 223, NULL),
(2, 154, 264, NULL),
(2, 155, 83, NULL),
(2, 156, 90, NULL),
(2, 81, 160, NULL),
(2, 164, 174, NULL),
(2, 165, 283, NULL),
(2, 166, 196, NULL),
(2, 158, 169, NULL),
(2, 159, 269, NULL),
(2, 160, 97, NULL),
(2, 161, 70, NULL),
(3, 91, 279, NULL),
(3, 95, 275, NULL),
(3, 100, 275, NULL),
(3, 101, 197, NULL),
(3, 102, 220, NULL),
(3, 104, 248, NULL),
(3, 105, 157, NULL),
(3, 107, 257, NULL),
(3, 108, 247, NULL),
(3, 109, 17, NULL),
(3, 112, 175, NULL),
(3, 113, 70, NULL),
(3, 114, 110, NULL),
(3, 116, 146, NULL),
(3, 117, 238, NULL),
(3, 119, 77, NULL),
(3, 89, 233, NULL),
(3, 90, 266, NULL),
(3, 121, 75, NULL),
(3, 122, 157, NULL),
(3, 123, 201, NULL),
(3, 147, 257, NULL),
(3, 162, 262, NULL),
(3, 154, 97, NULL),
(3, 155, 204, NULL),
(3, 156, 136, NULL),
(3, 81, 166, NULL),
(3, 164, 74, NULL),
(3, 165, 242, NULL),
(3, 166, 174, NULL),
(3, 158, 212, NULL),
(3, 159, 270, NULL),
(3, 160, 259, NULL),
(3, 161, 85, NULL),
(4, 91, 144, NULL),
(4, 95, 282, NULL),
(4, 100, 67, NULL),
(4, 101, 91, NULL),
(4, 102, 251, NULL),
(4, 104, 132, NULL),
(4, 105, 155, NULL),
(4, 107, 65, NULL),
(4, 108, 106, NULL),
(4, 109, 200, NULL),
(4, 112, 199, NULL),
(4, 113, 69, NULL),
(4, 114, 259, NULL),
(4, 116, 234, NULL),
(4, 117, 205, NULL),
(4, 119, 275, NULL),
(4, 89, 169, NULL),
(4, 90, 35, NULL),
(4, 121, 196, NULL),
(4, 122, 105, NULL),
(4, 123, 156, NULL),
(4, 147, 21, NULL),
(4, 162, 102, NULL),
(4, 154, 151, NULL),
(4, 155, 18, NULL),
(4, 156, 44, NULL),
(4, 81, 18, NULL),
(4, 164, 246, NULL),
(4, 165, 81, NULL),
(4, 166, 81, NULL),
(4, 158, 115, NULL),
(4, 159, 94, NULL),
(4, 160, 232, NULL),
(4, 161, 26, NULL),
(5, 91, 164, NULL),
(5, 95, 255, NULL),
(5, 100, 211, NULL),
(5, 101, 104, NULL),
(5, 102, 52, NULL),
(5, 104, 214, NULL),
(5, 105, 156, NULL),
(5, 107, 214, NULL),
(5, 108, 165, NULL),
(5, 109, 41, NULL),
(5, 112, 193, NULL),
(5, 113, 164, NULL),
(5, 114, 224, NULL),
(5, 116, 224, NULL),
(5, 117, 223, NULL),
(5, 119, 266, NULL),
(5, 89, 133, NULL),
(5, 90, 123, NULL),
(5, 121, 10, NULL),
(5, 122, 265, NULL),
(5, 123, 24, NULL),
(5, 147, 1, NULL),
(5, 162, 254, NULL),
(5, 154, 68, NULL),
(5, 155, 280, NULL),
(5, 156, 89, NULL),
(5, 81, 188, NULL),
(6, 91, 189, NULL),
(6, 95, 132, NULL),
(6, 100, 173, NULL),
(6, 101, 166, NULL),
(6, 102, 260, NULL),
(6, 104, 36, NULL),
(6, 105, 156, NULL),
(6, 107, 269, NULL),
(6, 108, 245, NULL),
(6, 109, 195, NULL),
(6, 112, 163, NULL),
(6, 113, 237, NULL),
(6, 114, 241, NULL),
(6, 116, 283, NULL),
(6, 117, 92, NULL),
(6, 119, 219, NULL),
(6, 89, 296, NULL),
(6, 90, 76, NULL),
(6, 121, 193, NULL),
(6, 122, 73, NULL),
(6, 123, 9, NULL),
(6, 147, 90, NULL),
(6, 162, 15, NULL),
(6, 154, 26, NULL),
(6, 155, 225, NULL),
(6, 156, 1, NULL),
(6, 81, 154, NULL),
(6, 164, 152, NULL),
(6, 165, 67, NULL),
(6, 166, 135, NULL),
(6, 158, 272, NULL),
(6, 159, 100, NULL),
(6, 160, 267, NULL),
(6, 161, 78, NULL),
(7, 91, 71, NULL),
(7, 95, 282, NULL),
(7, 100, 40, NULL),
(7, 101, 102, NULL),
(7, 102, 279, NULL),
(7, 104, 70, NULL),
(7, 105, 121, NULL),
(7, 107, 257, NULL),
(7, 108, 225, NULL),
(7, 109, 22, NULL),
(7, 112, 259, NULL),
(7, 113, 7, NULL),
(7, 114, 27, NULL),
(7, 116, 14, NULL),
(7, 117, 161, NULL),
(7, 119, 279, NULL),
(7, 89, 196, NULL),
(7, 90, 299, NULL),
(7, 121, 43, NULL),
(7, 122, 3, NULL),
(7, 123, 96, NULL),
(7, 147, 33, NULL),
(7, 162, 186, NULL),
(7, 154, 229, NULL),
(7, 155, 144, NULL),
(7, 156, 122, NULL),
(7, 81, 142, NULL),
(7, 164, 279, NULL),
(7, 165, 185, NULL),
(7, 166, 244, NULL),
(7, 158, 6, NULL),
(7, 159, 120, NULL),
(7, 160, 12, NULL),
(7, 161, 91, NULL),
(8, 91, 263, NULL),
(8, 95, 283, NULL),
(8, 100, 56, NULL),
(8, 101, 286, NULL),
(8, 102, 260, NULL),
(8, 104, 60, NULL),
(8, 105, 260, NULL),
(8, 107, 240, NULL),
(8, 108, 298, NULL),
(8, 109, 86, NULL),
(8, 112, 269, NULL),
(8, 113, 100, NULL),
(8, 114, 136, NULL),
(8, 116, 113, NULL),
(8, 117, 217, NULL),
(8, 119, 197, NULL),
(8, 89, 7, NULL),
(8, 90, 108, NULL),
(8, 121, 97, NULL),
(8, 122, 97, NULL),
(8, 123, 208, NULL),
(8, 147, 118, NULL),
(8, 162, 119, NULL),
(8, 154, 130, NULL),
(8, 155, 85, NULL),
(8, 156, 53, NULL),
(8, 81, 131, NULL),
(8, 164, 299, NULL),
(8, 165, 179, NULL),
(8, 166, 245, NULL),
(8, 158, 136, NULL),
(8, 159, 223, NULL),
(8, 160, 22, NULL),
(8, 161, 256, NULL),
(9, 91, 161, NULL),
(9, 95, 117, NULL),
(9, 100, 202, NULL),
(9, 101, 72, NULL),
(9, 102, 142, NULL),
(9, 104, 290, NULL),
(9, 105, 185, NULL),
(9, 107, 198, NULL),
(9, 108, 293, NULL),
(9, 109, 175, NULL),
(9, 112, 157, NULL),
(9, 113, 248, NULL),
(9, 114, 236, NULL),
(9, 116, 15, NULL),
(9, 117, 61, NULL),
(9, 119, 67, NULL),
(9, 89, 66, NULL),
(9, 90, 238, NULL),
(9, 121, 258, NULL),
(9, 122, 203, NULL),
(9, 123, 250, NULL),
(9, 147, 118, NULL),
(9, 162, 299, NULL),
(9, 154, 241, NULL),
(9, 155, 40, NULL),
(9, 156, 243, NULL),
(9, 81, 113, NULL),
(9, 164, 171, NULL),
(9, 165, 39, NULL),
(9, 166, 101, NULL),
(9, 158, 183, NULL),
(9, 159, 74, NULL),
(9, 160, 114, NULL),
(9, 161, 168, NULL),
(10, 91, 293, NULL),
(10, 95, 171, NULL),
(10, 100, 247, NULL),
(10, 101, 24, NULL),
(10, 102, 219, NULL),
(10, 104, 213, NULL),
(10, 105, 43, NULL),
(10, 107, 78, NULL),
(10, 108, 168, NULL),
(10, 109, 78, NULL),
(10, 112, 112, NULL),
(10, 113, 36, NULL),
(10, 114, 47, NULL),
(10, 116, 141, NULL),
(10, 117, 15, NULL),
(10, 119, 217, NULL),
(10, 89, 253, NULL),
(10, 90, 57, NULL),
(10, 121, 185, NULL),
(10, 122, 231, NULL),
(10, 123, 285, NULL),
(10, 147, 225, NULL),
(10, 162, 74, NULL),
(10, 154, 208, NULL),
(10, 155, 151, NULL),
(10, 156, 262, NULL),
(10, 81, 121, NULL),
(10, 164, 228, NULL),
(10, 165, 59, NULL),
(10, 166, 293, NULL),
(10, 158, 253, NULL),
(10, 159, 243, NULL),
(10, 160, 99, NULL),
(10, 161, 231, NULL),
(11, 91, 124, NULL),
(11, 95, 160, NULL),
(11, 100, 202, NULL),
(11, 101, 206, NULL),
(11, 102, 87, NULL),
(11, 104, 297, NULL),
(11, 105, 31, NULL),
(11, 107, 39, NULL),
(11, 108, 111, NULL),
(11, 109, 80, NULL),
(11, 112, 243, NULL),
(11, 113, 155, NULL),
(11, 114, 188, NULL),
(11, 116, 265, NULL),
(11, 117, 243, NULL),
(11, 119, 125, NULL),
(11, 89, 90, NULL),
(11, 90, 15, NULL),
(11, 121, 85, NULL),
(11, 122, 270, NULL),
(11, 123, 96, NULL),
(11, 147, 298, NULL),
(11, 162, 252, NULL),
(11, 154, 84, NULL),
(11, 155, 124, NULL),
(11, 156, 199, NULL),
(11, 81, 57, NULL),
(11, 164, 237, NULL),
(11, 165, 270, NULL),
(11, 166, 6, NULL),
(11, 158, 211, NULL),
(11, 159, 245, NULL),
(11, 160, 70, NULL),
(11, 161, 16, NULL),
(12, 91, 234, NULL),
(12, 95, 293, NULL),
(12, 100, 276, NULL),
(12, 101, 94, NULL),
(12, 102, 262, NULL),
(12, 104, 37, NULL),
(12, 105, 120, NULL),
(12, 107, 211, NULL),
(12, 108, 146, NULL),
(12, 109, 25, NULL),
(12, 112, 184, NULL),
(12, 113, 190, NULL),
(12, 114, 123, NULL),
(12, 116, 188, NULL),
(12, 117, 78, NULL),
(12, 119, 125, NULL),
(12, 89, 124, NULL),
(12, 90, 215, NULL),
(12, 121, 114, NULL),
(12, 122, 263, NULL),
(12, 123, 113, NULL),
(12, 147, 218, NULL),
(12, 162, 15, NULL),
(12, 154, 163, NULL),
(12, 155, 118, NULL),
(12, 156, 34, NULL),
(12, 81, 201, NULL),
(12, 164, 44, NULL),
(12, 165, 154, NULL),
(12, 166, 205, NULL),
(12, 158, 99, NULL),
(12, 159, 193, NULL),
(12, 160, 98, NULL),
(12, 161, 296, NULL),
(13, 91, 205, NULL),
(13, 95, 116, NULL),
(13, 100, 137, NULL),
(13, 101, 144, NULL),
(13, 102, 40, NULL),
(13, 104, 210, NULL),
(13, 105, 155, NULL),
(13, 107, 205, NULL),
(13, 108, 272, NULL),
(13, 109, 210, NULL),
(13, 112, 241, NULL),
(13, 113, 206, NULL),
(13, 114, 249, NULL),
(13, 116, 6, NULL),
(13, 117, 263, NULL),
(13, 119, 137, NULL),
(13, 89, 103, NULL),
(13, 90, 112, NULL),
(13, 121, 259, NULL),
(13, 122, 299, NULL),
(13, 123, 208, NULL),
(13, 147, 106, NULL),
(13, 162, 241, NULL),
(13, 154, 139, NULL),
(13, 155, 11, NULL),
(13, 156, 267, NULL),
(13, 81, 278, NULL),
(13, 164, 13, NULL),
(13, 165, 44, NULL),
(13, 166, 17, NULL),
(13, 158, 91, NULL),
(13, 159, 6, NULL),
(13, 160, 292, NULL),
(13, 161, 149, NULL),
(14, 91, 298, NULL),
(14, 95, 19, NULL),
(14, 100, 1, NULL),
(14, 101, 65, NULL),
(14, 102, 26, NULL),
(14, 104, 158, NULL),
(14, 105, 89, NULL),
(14, 107, 44, NULL),
(14, 108, 243, NULL),
(14, 109, 271, NULL),
(14, 112, 12, NULL),
(14, 113, 219, NULL),
(14, 114, 179, NULL),
(14, 116, 276, NULL),
(14, 117, 210, NULL),
(14, 119, 281, NULL),
(14, 89, 58, NULL),
(14, 90, 81, NULL),
(14, 121, 165, NULL),
(14, 122, 185, NULL),
(14, 123, 73, NULL),
(14, 147, 79, NULL),
(14, 162, 291, NULL),
(14, 154, 172, NULL),
(14, 155, 264, NULL),
(14, 156, 109, NULL),
(14, 81, 182, NULL),
(14, 164, 159, NULL),
(14, 165, 139, NULL),
(14, 166, 268, NULL),
(14, 158, 185, NULL),
(15, 91, 133, NULL),
(15, 95, 130, NULL),
(15, 100, 12, NULL),
(15, 101, 133, NULL),
(15, 102, 280, NULL),
(15, 104, 208, NULL),
(15, 105, 221, NULL),
(15, 107, 125, NULL),
(15, 108, 83, NULL),
(15, 109, 103, NULL),
(15, 112, 102, NULL),
(15, 113, 4, NULL),
(15, 114, 133, NULL),
(15, 116, 162, NULL),
(15, 117, 93, NULL),
(15, 119, 77, NULL),
(15, 89, 228, NULL),
(15, 90, 157, NULL),
(15, 121, 124, NULL),
(15, 122, 269, NULL),
(15, 123, 103, NULL),
(15, 147, 46, NULL),
(15, 162, 183, NULL),
(15, 154, 66, NULL),
(15, 155, 125, NULL),
(15, 156, 153, NULL),
(15, 81, 229, NULL),
(15, 164, 120, NULL),
(15, 165, 211, NULL),
(15, 166, 202, NULL),
(15, 158, 161, NULL),
(15, 159, 20, NULL),
(15, 160, 172, NULL),
(15, 161, 140, NULL),
(16, 91, 88, NULL),
(16, 95, 51, NULL),
(16, 100, 286, NULL),
(16, 101, 195, NULL),
(16, 102, 179, NULL),
(16, 104, 7, NULL),
(16, 105, 246, NULL),
(16, 107, 199, NULL),
(16, 108, 137, NULL),
(16, 109, 120, NULL),
(16, 112, 116, NULL),
(16, 113, 31, NULL),
(16, 114, 285, NULL),
(16, 116, 173, NULL),
(16, 117, 215, NULL),
(16, 119, 206, NULL),
(16, 89, 28, NULL),
(16, 90, 211, NULL),
(16, 121, 3, NULL),
(16, 122, 284, NULL),
(16, 123, 203, NULL),
(16, 147, 139, NULL),
(16, 162, 273, NULL),
(16, 154, 69, NULL),
(16, 155, 26, NULL),
(16, 156, 131, NULL),
(16, 81, 300, NULL),
(16, 164, 237, NULL),
(16, 165, 283, NULL),
(16, 166, 103, NULL),
(16, 158, 187, NULL),
(16, 159, 22, NULL),
(16, 160, 68, NULL),
(16, 161, 263, NULL),
(17, 91, 87, NULL),
(17, 95, 295, NULL),
(17, 100, 266, NULL),
(17, 101, 13, NULL),
(17, 102, 254, NULL),
(17, 104, 122, NULL),
(17, 105, 138, NULL),
(17, 107, 261, NULL),
(17, 108, 101, NULL),
(17, 109, 184, NULL),
(17, 112, 34, NULL),
(17, 113, 288, NULL),
(17, 114, 283, NULL),
(17, 116, 107, NULL),
(17, 117, 248, NULL),
(17, 119, 285, NULL),
(17, 89, 253, NULL),
(17, 90, 17, NULL),
(17, 121, 199, NULL),
(17, 122, 252, NULL),
(17, 123, 36, NULL),
(17, 147, 263, NULL),
(17, 162, 224, NULL),
(17, 154, 132, NULL),
(17, 155, 256, NULL),
(17, 156, 41, NULL),
(17, 81, 43, NULL),
(17, 164, 83, NULL),
(17, 165, 185, NULL),
(17, 166, 295, NULL),
(17, 158, 300, NULL),
(17, 159, 217, NULL),
(17, 160, 102, NULL),
(17, 161, 77, NULL),
(18, 91, 72, NULL),
(18, 95, 117, NULL),
(18, 100, 182, NULL),
(18, 101, 262, NULL),
(18, 102, 185, NULL),
(18, 104, 187, NULL),
(18, 105, 171, NULL),
(18, 107, 282, NULL),
(18, 108, 24, NULL),
(18, 109, 74, NULL),
(18, 112, 5, NULL),
(18, 113, 197, NULL),
(18, 114, 8, NULL),
(18, 116, 26, NULL),
(18, 117, 175, NULL),
(18, 119, 253, NULL),
(18, 89, 133, NULL),
(18, 90, 235, NULL),
(18, 121, 295, NULL),
(18, 122, 269, NULL),
(18, 123, 96, NULL),
(18, 147, 257, NULL),
(18, 162, 43, NULL),
(18, 154, 279, NULL),
(18, 155, 22, NULL),
(18, 156, 155, NULL),
(18, 81, 121, NULL),
(18, 164, 193, NULL),
(18, 165, 240, NULL),
(18, 166, 268, NULL),
(18, 158, 204, NULL),
(18, 159, 157, NULL),
(18, 160, 244, NULL),
(18, 161, 76, NULL),
(19, 91, 102, NULL),
(19, 95, 176, NULL),
(19, 100, 127, NULL),
(19, 101, 265, NULL),
(19, 102, 269, NULL),
(19, 104, 168, NULL),
(19, 105, 98, NULL),
(19, 107, 173, NULL),
(19, 108, 192, NULL),
(19, 109, 8, NULL),
(19, 112, 99, NULL),
(19, 113, 266, NULL),
(19, 114, 54, NULL),
(19, 116, 268, NULL),
(19, 117, 45, NULL),
(19, 119, 121, NULL),
(19, 89, 235, NULL),
(19, 90, 101, NULL),
(19, 121, 104, NULL),
(19, 122, 135, NULL),
(19, 123, 200, NULL),
(19, 147, 96, NULL),
(19, 162, 277, NULL),
(19, 154, 8, NULL),
(19, 155, 249, NULL),
(19, 156, 9, NULL),
(19, 81, 286, NULL),
(19, 164, 237, NULL),
(19, 165, 256, NULL),
(19, 166, 145, NULL),
(19, 158, 195, NULL),
(19, 159, 7, NULL),
(19, 160, 32, NULL),
(19, 161, 234, NULL),
(20, 91, 91, NULL),
(20, 95, 137, NULL),
(20, 100, 86, NULL),
(20, 101, 164, NULL),
(20, 102, 54, NULL),
(20, 104, 277, NULL),
(20, 105, 153, NULL),
(20, 107, 110, NULL),
(20, 108, 264, NULL),
(20, 109, 142, NULL),
(20, 112, 191, NULL),
(20, 113, 297, NULL),
(20, 114, 77, NULL),
(20, 116, 90, NULL),
(20, 117, 67, NULL),
(20, 119, 280, NULL),
(20, 89, 193, NULL),
(20, 90, 95, NULL),
(20, 121, 166, NULL),
(20, 122, 68, NULL),
(20, 123, 6, NULL),
(20, 147, 211, NULL),
(20, 162, 175, NULL),
(20, 154, 122, NULL),
(20, 155, 79, NULL),
(20, 156, 112, NULL),
(20, 81, 225, NULL),
(20, 164, 300, NULL),
(20, 165, 238, NULL),
(20, 166, 220, NULL),
(20, 158, 201, NULL),
(20, 159, 24, NULL),
(20, 160, 283, NULL),
(20, 161, 49, NULL),
(21, 91, 26, NULL),
(21, 95, 279, NULL),
(21, 100, 115, NULL),
(21, 101, 82, NULL),
(21, 102, 160, NULL),
(21, 104, 75, NULL),
(21, 105, 212, NULL),
(21, 107, 240, NULL),
(21, 108, 170, NULL),
(21, 109, 4, NULL),
(21, 112, 300, NULL),
(21, 113, 121, NULL),
(21, 114, 133, NULL),
(21, 116, 170, NULL),
(21, 117, 95, NULL),
(21, 119, 205, NULL),
(21, 89, 133, NULL),
(21, 90, 111, NULL),
(21, 121, 267, NULL),
(21, 122, 233, NULL),
(21, 123, 131, NULL),
(21, 147, 34, NULL),
(21, 162, 285, NULL),
(21, 154, 139, NULL),
(21, 155, 183, NULL),
(21, 156, 124, NULL),
(21, 81, 235, NULL),
(21, 164, 177, NULL),
(21, 165, 73, NULL),
(21, 166, 255, NULL),
(21, 158, 168, NULL),
(21, 159, 143, NULL),
(21, 160, 56, NULL),
(21, 161, 80, NULL),
(22, 91, 274, NULL),
(22, 95, 26, NULL),
(22, 100, 12, NULL),
(22, 101, 108, NULL),
(22, 102, 26, NULL),
(22, 104, 115, NULL),
(22, 105, 162, NULL),
(22, 107, 243, NULL),
(22, 108, 243, NULL),
(22, 109, 60, NULL),
(22, 112, 99, NULL),
(22, 113, 201, NULL),
(22, 114, 35, NULL),
(22, 116, 175, NULL),
(22, 117, 16, NULL),
(22, 119, 284, NULL),
(22, 89, 249, NULL),
(22, 90, 121, NULL),
(22, 121, 91, NULL),
(22, 122, 142, NULL),
(22, 123, 265, NULL),
(22, 147, 9, NULL),
(22, 162, 3, NULL),
(22, 154, 261, NULL),
(22, 155, 265, NULL),
(22, 156, 15, NULL),
(22, 81, 102, NULL),
(22, 164, 275, NULL),
(22, 165, 205, NULL),
(22, 166, 74, NULL),
(22, 158, 49, NULL),
(22, 159, 87, NULL),
(22, 160, 227, NULL),
(22, 161, 199, NULL),
(23, 91, 180, NULL),
(23, 95, 60, NULL),
(23, 100, 76, NULL),
(23, 101, 22, NULL),
(23, 102, 16, NULL),
(23, 104, 77, NULL),
(23, 105, 210, NULL),
(23, 107, 240, NULL),
(23, 108, 205, NULL),
(23, 109, 12, NULL),
(23, 112, 123, NULL),
(23, 113, 179, NULL),
(23, 114, 179, NULL),
(23, 116, 252, NULL),
(23, 117, 14, NULL),
(23, 119, 260, NULL),
(23, 89, 85, NULL),
(23, 90, 57, NULL),
(23, 121, 118, NULL),
(23, 122, 161, NULL),
(23, 123, 17, NULL),
(23, 147, 169, NULL),
(23, 162, 131, NULL),
(23, 154, 199, NULL),
(23, 155, 278, NULL),
(23, 156, 124, NULL),
(23, 81, 145, NULL),
(23, 164, 238, NULL),
(23, 165, 112, NULL),
(23, 166, 260, NULL),
(23, 158, 253, NULL),
(23, 159, 28, NULL),
(23, 160, 280, NULL),
(23, 161, 164, NULL),
(24, 91, 122, NULL),
(24, 95, 201, NULL),
(24, 100, 96, NULL),
(24, 101, 242, NULL),
(24, 102, 249, NULL),
(24, 104, 118, NULL),
(24, 105, 5, NULL),
(24, 107, 285, NULL),
(24, 108, 62, NULL),
(24, 109, 99, NULL),
(24, 112, 207, NULL),
(24, 113, 224, NULL),
(24, 114, 202, NULL),
(24, 116, 213, NULL),
(24, 117, 291, NULL),
(24, 119, 232, NULL),
(24, 89, 177, NULL),
(24, 90, 28, NULL),
(24, 121, 212, NULL),
(24, 122, 17, NULL),
(24, 123, 189, NULL),
(24, 147, 267, NULL),
(24, 162, 166, NULL),
(24, 154, 284, NULL),
(24, 155, 221, NULL),
(24, 156, 2, NULL),
(24, 81, 121, NULL),
(24, 164, 40, NULL),
(24, 165, 106, NULL),
(24, 166, 10, NULL),
(24, 158, 38, NULL),
(24, 159, 221, NULL),
(24, 160, 221, NULL),
(24, 161, 268, NULL),
(25, 91, 219, NULL),
(25, 95, 231, NULL),
(25, 100, 71, NULL),
(25, 101, 290, NULL),
(25, 102, 28, NULL),
(25, 104, 6, NULL),
(25, 105, 117, NULL),
(25, 107, 125, NULL),
(25, 108, 139, NULL),
(25, 109, 25, NULL),
(25, 112, 113, NULL),
(25, 113, 110, NULL),
(25, 114, 121, NULL),
(25, 116, 95, NULL),
(25, 117, 282, NULL),
(25, 119, 15, NULL),
(25, 89, 103, NULL),
(25, 90, 126, NULL),
(25, 121, 62, NULL),
(25, 122, 297, NULL),
(25, 123, 36, NULL),
(25, 147, 103, NULL),
(25, 162, 118, NULL),
(25, 154, 170, NULL),
(25, 155, 265, NULL),
(25, 156, 168, NULL),
(25, 81, 118, NULL),
(25, 164, 152, NULL),
(25, 165, 109, NULL),
(25, 166, 29, NULL),
(25, 158, 111, NULL),
(25, 159, 294, NULL),
(25, 160, 87, NULL),
(25, 161, 251, NULL),
(26, 91, 40, NULL),
(26, 95, 278, NULL),
(26, 100, 34, NULL),
(26, 101, 298, NULL),
(26, 102, 43, NULL),
(26, 104, 177, NULL),
(26, 105, 203, NULL),
(26, 107, 245, NULL),
(26, 108, 235, NULL),
(26, 109, 16, NULL),
(26, 112, 229, NULL),
(26, 113, 50, NULL),
(26, 114, 55, NULL),
(26, 116, 202, NULL),
(26, 117, 69, NULL),
(26, 119, 192, NULL),
(26, 89, 120, NULL),
(26, 90, 67, NULL),
(26, 121, 74, NULL),
(26, 122, 55, NULL),
(26, 123, 245, NULL),
(26, 147, 181, NULL),
(26, 162, 166, NULL),
(26, 154, 300, NULL),
(26, 155, 210, NULL),
(26, 156, 52, NULL),
(26, 81, 287, NULL),
(26, 164, 44, NULL),
(26, 165, 34, NULL),
(26, 166, 127, NULL),
(26, 158, 274, NULL),
(26, 159, 147, NULL),
(26, 160, 103, NULL),
(26, 161, 72, NULL),
(27, 91, 149, NULL),
(27, 95, 6, NULL),
(27, 100, 158, NULL),
(27, 101, 135, NULL),
(27, 102, 116, NULL),
(27, 104, 61, NULL),
(27, 105, 38, NULL),
(27, 107, 114, NULL),
(27, 108, 284, NULL),
(27, 109, 180, NULL),
(27, 112, 63, NULL),
(27, 113, 246, NULL),
(27, 114, 151, NULL),
(27, 116, 282, NULL),
(27, 117, 264, NULL),
(27, 119, 126, NULL),
(27, 89, 249, NULL),
(27, 90, 29, NULL),
(27, 121, 235, NULL),
(27, 122, 137, NULL),
(27, 123, 296, NULL),
(27, 147, 90, NULL),
(27, 162, 186, NULL),
(27, 154, 190, NULL),
(27, 155, 115, NULL),
(27, 156, 95, NULL),
(27, 81, 121, NULL),
(27, 164, 196, NULL),
(27, 165, 153, NULL),
(27, 166, 64, NULL),
(27, 158, 205, NULL),
(27, 159, 289, NULL),
(27, 160, 165, NULL),
(27, 161, 298, NULL),
(28, 91, 49, NULL),
(28, 95, 239, NULL),
(28, 100, 85, NULL),
(28, 101, 19, NULL),
(28, 102, 258, NULL),
(28, 104, 86, NULL),
(28, 105, 266, NULL),
(28, 107, 222, NULL),
(28, 108, 203, NULL),
(28, 109, 206, NULL),
(28, 112, 225, NULL),
(28, 113, 45, NULL),
(28, 114, 20, NULL),
(28, 116, 106, NULL),
(28, 117, 118, NULL),
(28, 119, 22, NULL),
(28, 89, 164, NULL),
(28, 90, 182, NULL),
(28, 121, 145, NULL),
(28, 122, 103, NULL),
(28, 123, 266, NULL),
(28, 147, 192, NULL),
(28, 162, 67, NULL),
(28, 154, 267, NULL),
(28, 155, 260, NULL),
(28, 156, 65, NULL),
(28, 81, 122, NULL),
(28, 164, 82, NULL),
(28, 165, 79, NULL),
(28, 166, 65, NULL),
(28, 158, 173, NULL),
(28, 159, 182, NULL),
(28, 160, 71, NULL),
(28, 161, 50, NULL),
(29, 91, 253, NULL),
(29, 95, 10, NULL),
(29, 100, 116, NULL),
(29, 101, 60, NULL),
(29, 102, 125, NULL),
(29, 104, 90, NULL),
(29, 105, 225, NULL),
(29, 107, 45, NULL),
(29, 108, 91, NULL),
(29, 109, 291, NULL),
(29, 112, 129, NULL),
(29, 113, 153, NULL),
(29, 114, 208, NULL),
(29, 116, 245, NULL),
(29, 117, 200, NULL),
(29, 119, 40, NULL),
(29, 89, 203, NULL),
(29, 90, 108, NULL),
(29, 121, 199, NULL),
(29, 122, 272, NULL),
(29, 123, 109, NULL),
(29, 147, 271, NULL),
(29, 162, 178, NULL),
(29, 154, 56, NULL),
(29, 155, 83, NULL),
(29, 156, 194, NULL),
(29, 81, 122, NULL),
(29, 164, 43, NULL),
(29, 165, 10, NULL),
(29, 166, 263, NULL),
(29, 158, 149, NULL),
(29, 159, 2, NULL),
(29, 160, 218, NULL),
(29, 161, 49, NULL),
(30, 91, 115, NULL),
(30, 95, 246, NULL),
(30, 100, 213, NULL),
(30, 101, 79, NULL),
(30, 102, 267, NULL),
(30, 104, 71, NULL),
(30, 105, 213, NULL),
(30, 107, 200, NULL),
(30, 108, 198, NULL),
(30, 109, 132, NULL),
(30, 112, 194, NULL),
(30, 113, 233, NULL),
(30, 114, 32, NULL),
(30, 116, 205, NULL),
(30, 117, 91, NULL),
(30, 119, 246, NULL),
(30, 89, 15, NULL),
(30, 90, 107, NULL),
(30, 121, 84, NULL),
(30, 122, 231, NULL),
(30, 123, 273, NULL),
(30, 147, 31, NULL),
(30, 162, 297, NULL),
(30, 154, 300, NULL),
(30, 155, 37, NULL),
(30, 156, 153, NULL),
(30, 81, 57, NULL),
(30, 164, 64, NULL),
(30, 165, 181, NULL),
(30, 166, 125, NULL),
(30, 158, 136, NULL),
(30, 159, 220, NULL),
(30, 160, 198, NULL),
(30, 161, 271, NULL),
(31, 91, 74, NULL),
(31, 95, 159, NULL),
(31, 100, 113, NULL),
(31, 101, 245, NULL),
(31, 102, 14, NULL),
(31, 104, 18, NULL),
(31, 105, 234, NULL),
(31, 107, 252, NULL),
(31, 108, 110, NULL),
(31, 109, 121, NULL),
(31, 112, 148, NULL),
(31, 113, 266, NULL),
(31, 114, 144, NULL),
(31, 116, 75, NULL),
(31, 117, 58, NULL),
(31, 119, 168, NULL),
(31, 89, 120, NULL),
(31, 90, 173, NULL),
(31, 121, 43, NULL),
(31, 122, 137, NULL),
(31, 123, 153, NULL),
(31, 147, 162, NULL),
(31, 162, 103, NULL),
(31, 154, 127, NULL),
(31, 155, 204, NULL),
(31, 156, 188, NULL),
(31, 81, 265, NULL),
(31, 164, 116, NULL),
(31, 165, 98, NULL),
(31, 166, 80, NULL),
(31, 158, 64, NULL),
(31, 159, 248, NULL),
(31, 160, 227, NULL),
(31, 161, 162, NULL),
(32, 91, 187, NULL),
(32, 95, 179, NULL),
(32, 100, 101, NULL),
(32, 101, 46, NULL),
(32, 102, 105, NULL),
(32, 104, 102, NULL),
(32, 105, 172, NULL),
(32, 107, 153, NULL),
(32, 108, 194, NULL),
(32, 109, 291, NULL),
(32, 112, 175, NULL),
(32, 113, 177, NULL),
(32, 114, 67, NULL),
(32, 116, 129, NULL),
(32, 117, 233, NULL),
(32, 119, 2, NULL),
(32, 89, 84, NULL),
(32, 90, 182, NULL),
(32, 121, 133, NULL),
(32, 122, 212, NULL),
(32, 123, 284, NULL),
(32, 147, 207, NULL),
(32, 162, 279, NULL),
(32, 154, 118, NULL),
(32, 155, 201, NULL),
(32, 156, 58, NULL),
(32, 81, 22, NULL),
(32, 164, 147, NULL),
(32, 165, 80, NULL),
(32, 166, 293, NULL),
(32, 158, 121, NULL),
(32, 159, 142, NULL),
(32, 160, 57, NULL),
(32, 161, 48, NULL),
(33, 91, 101, NULL),
(33, 95, 140, NULL),
(33, 100, 238, NULL),
(33, 101, 1, NULL),
(33, 102, 300, NULL),
(33, 104, 136, NULL),
(33, 105, 229, NULL),
(33, 107, 184, NULL),
(33, 108, 140, NULL),
(33, 109, 26, NULL),
(33, 112, 269, NULL),
(33, 113, 217, NULL),
(33, 114, 216, NULL),
(33, 116, 110, NULL),
(33, 117, 223, NULL),
(33, 119, 78, NULL),
(33, 89, 245, NULL),
(33, 90, 256, NULL),
(33, 121, 175, NULL),
(33, 122, 62, NULL),
(33, 123, 165, NULL),
(33, 147, 126, NULL),
(33, 162, 132, NULL),
(33, 154, 244, NULL),
(33, 155, 240, NULL),
(33, 156, 261, NULL),
(33, 81, 169, NULL),
(33, 164, 22, NULL),
(33, 165, 250, NULL),
(33, 166, 79, NULL),
(33, 158, 244, NULL),
(33, 159, 100, NULL),
(33, 160, 180, NULL),
(33, 161, 136, NULL),
(34, 91, 185, NULL),
(34, 95, 182, NULL),
(34, 100, 11, NULL),
(34, 101, 10, NULL),
(34, 102, 98, NULL),
(34, 104, 141, NULL),
(34, 105, 94, NULL),
(34, 107, 180, NULL),
(34, 108, 250, NULL),
(34, 109, 168, NULL),
(34, 112, 154, NULL),
(34, 113, 239, NULL),
(34, 114, 263, NULL),
(34, 116, 284, NULL),
(34, 117, 272, NULL),
(34, 119, 231, NULL),
(34, 89, 32, NULL),
(34, 90, 143, NULL),
(34, 121, 84, NULL),
(34, 122, 273, NULL),
(34, 123, 250, NULL),
(34, 147, 194, NULL),
(34, 162, 294, NULL),
(34, 154, 198, NULL),
(34, 155, 200, NULL),
(34, 156, 119, NULL),
(34, 81, 88, NULL),
(34, 164, 259, NULL),
(34, 165, 236, NULL),
(34, 166, 38, NULL),
(34, 158, 245, NULL),
(34, 159, 49, NULL),
(34, 160, 64, NULL),
(34, 161, 11, NULL),
(35, 91, 213, NULL),
(35, 95, 99, NULL),
(35, 100, 240, NULL),
(35, 101, 264, NULL),
(35, 102, 2, NULL),
(35, 104, 189, NULL),
(35, 105, 220, NULL),
(35, 107, 50, NULL),
(35, 108, 134, NULL),
(35, 109, 63, NULL),
(35, 112, 127, NULL),
(35, 113, 254, NULL),
(35, 114, 59, NULL),
(35, 116, 195, NULL),
(35, 117, 160, NULL),
(35, 119, 74, NULL),
(35, 89, 247, NULL),
(35, 90, 87, NULL),
(35, 121, 248, NULL),
(35, 122, 270, NULL),
(35, 123, 236, NULL),
(35, 147, 73, NULL),
(35, 162, 105, NULL),
(35, 154, 275, NULL),
(35, 155, 291, NULL),
(35, 156, 47, NULL),
(35, 81, 170, NULL),
(35, 164, 14, NULL),
(35, 165, 158, NULL),
(35, 166, 17, NULL),
(35, 158, 32, NULL),
(35, 159, 58, NULL),
(35, 160, 28, NULL),
(35, 161, 212, NULL),
(36, 91, 183, NULL),
(36, 95, 170, NULL),
(36, 100, 24, NULL),
(36, 101, 81, NULL),
(36, 102, 3, NULL),
(36, 104, 20, NULL),
(36, 105, 8, NULL),
(36, 107, 299, NULL),
(36, 108, 218, NULL),
(36, 109, 197, NULL),
(36, 112, 253, NULL),
(36, 113, 142, NULL),
(36, 114, 143, NULL),
(36, 116, 292, NULL),
(36, 117, 83, NULL),
(36, 119, 14, NULL),
(36, 89, 179, NULL),
(36, 90, 198, NULL),
(36, 121, 126, NULL),
(36, 122, 191, NULL),
(36, 123, 54, NULL),
(36, 147, 109, NULL),
(36, 162, 6, NULL),
(36, 154, 112, NULL),
(36, 155, 232, NULL),
(36, 156, 252, NULL),
(36, 81, 6, NULL),
(36, 164, 178, NULL),
(36, 165, 12, NULL),
(36, 166, 6, NULL),
(36, 158, 279, NULL),
(36, 159, 228, NULL),
(36, 160, 168, NULL),
(36, 161, 57, NULL),
(37, 91, 168, NULL),
(37, 95, 219, NULL),
(37, 100, 5, NULL),
(37, 101, 260, NULL),
(37, 102, 129, NULL),
(37, 104, 240, NULL),
(37, 105, 266, NULL),
(37, 107, 22, NULL),
(37, 108, 282, NULL),
(37, 109, 125, NULL),
(37, 112, 18, NULL),
(37, 113, 104, NULL),
(37, 114, 215, NULL),
(37, 116, 264, NULL),
(37, 117, 9, NULL),
(37, 119, 229, NULL),
(37, 89, 195, NULL),
(37, 90, 167, NULL),
(37, 121, 163, NULL),
(37, 122, 280, NULL),
(37, 123, 114, NULL),
(37, 147, 95, NULL),
(37, 162, 84, NULL),
(37, 154, 93, NULL),
(37, 155, 219, NULL),
(37, 156, 108, NULL),
(37, 81, 47, NULL),
(37, 164, 192, NULL),
(37, 165, 179, NULL),
(37, 166, 293, NULL),
(37, 158, 254, NULL),
(37, 159, 270, NULL),
(37, 160, 74, NULL),
(37, 161, 119, NULL),
(38, 91, 21, NULL),
(38, 95, 4, NULL),
(38, 100, 185, NULL),
(38, 101, 227, NULL),
(38, 102, 163, NULL),
(38, 104, 181, NULL),
(38, 105, 159, NULL),
(38, 107, 107, NULL),
(38, 108, 177, NULL),
(38, 109, 290, NULL),
(38, 112, 170, NULL),
(38, 113, 89, NULL),
(38, 114, 112, NULL),
(38, 116, 276, NULL),
(38, 117, 179, NULL),
(38, 119, 127, NULL),
(38, 89, 142, NULL),
(38, 90, 251, NULL),
(38, 121, 284, NULL),
(38, 122, 157, NULL),
(38, 123, 115, NULL),
(38, 147, 244, NULL),
(38, 162, 168, NULL),
(38, 154, 181, NULL),
(38, 155, 120, NULL),
(38, 156, 51, NULL),
(38, 81, 237, NULL),
(38, 164, 5, NULL),
(38, 165, 202, NULL),
(38, 166, 146, NULL),
(38, 158, 262, NULL),
(38, 159, 66, NULL),
(38, 160, 262, NULL),
(38, 161, 128, NULL),
(39, 91, 3, NULL),
(39, 95, 102, NULL),
(39, 100, 41, NULL),
(39, 101, 131, NULL),
(39, 102, 132, NULL),
(39, 104, 168, NULL),
(39, 105, 237, NULL),
(39, 107, 289, NULL),
(39, 108, 24, NULL),
(39, 109, 284, NULL),
(39, 112, 50, NULL),
(39, 113, 205, NULL),
(39, 114, 176, NULL),
(39, 116, 214, NULL),
(39, 117, 48, NULL),
(39, 119, 149, NULL),
(39, 89, 141, NULL),
(39, 90, 62, NULL),
(39, 121, 204, NULL),
(39, 122, 175, NULL),
(39, 123, 232, NULL),
(39, 147, 280, NULL),
(39, 162, 37, NULL),
(39, 154, 55, NULL),
(39, 155, 3, NULL),
(39, 156, 262, NULL),
(39, 81, 271, NULL),
(39, 164, 6, NULL),
(39, 165, 88, NULL),
(39, 166, 260, NULL),
(39, 158, 63, NULL),
(39, 159, 222, NULL),
(39, 160, 166, NULL),
(39, 161, 2, NULL),
(40, 91, 206, NULL),
(40, 95, 146, NULL),
(40, 100, 111, NULL),
(40, 101, 296, NULL),
(40, 102, 258, NULL),
(40, 104, 14, NULL),
(40, 105, 158, NULL),
(40, 107, 192, NULL),
(40, 108, 254, NULL),
(40, 109, 5, NULL),
(40, 112, 265, NULL),
(40, 113, 168, NULL),
(40, 114, 300, NULL),
(40, 116, 288, NULL),
(40, 117, 203, NULL),
(40, 119, 228, NULL),
(40, 89, 30, NULL),
(40, 90, 171, NULL),
(40, 121, 154, NULL),
(40, 122, 167, NULL),
(40, 123, 228, NULL),
(40, 147, 36, NULL),
(40, 162, 56, NULL),
(40, 154, 197, NULL),
(40, 155, 91, NULL),
(40, 156, 269, NULL),
(40, 81, 237, NULL),
(40, 164, 151, NULL),
(40, 165, 147, NULL),
(40, 166, 293, NULL),
(40, 158, 130, NULL),
(40, 159, 140, NULL),
(40, 160, 83, NULL),
(40, 161, 290, NULL),
(41, 91, 159, NULL),
(41, 95, 29, NULL),
(41, 100, 248, NULL),
(41, 101, 252, NULL),
(41, 102, 140, NULL),
(41, 104, 169, NULL),
(41, 105, 142, NULL),
(41, 107, 279, NULL),
(41, 108, 191, NULL),
(41, 109, 202, NULL),
(41, 112, 245, NULL),
(41, 113, 79, NULL),
(41, 114, 59, NULL),
(41, 116, 47, NULL),
(41, 117, 228, NULL),
(41, 119, 215, NULL),
(41, 89, 3, NULL),
(41, 90, 226, NULL),
(41, 121, 83, NULL),
(41, 122, 234, NULL),
(41, 123, 3, NULL),
(41, 147, 294, NULL),
(41, 162, 168, NULL),
(41, 154, 241, NULL),
(41, 155, 71, NULL),
(41, 156, 172, NULL),
(41, 81, 299, NULL),
(41, 164, 135, NULL),
(41, 165, 80, NULL),
(41, 166, 34, NULL),
(41, 158, 174, NULL),
(41, 159, 134, NULL),
(41, 160, 294, NULL),
(41, 161, 68, NULL),
(42, 91, 175, NULL),
(42, 95, 164, NULL),
(42, 100, 54, NULL),
(42, 101, 285, NULL),
(42, 102, 241, NULL),
(42, 104, 117, NULL),
(42, 105, 224, NULL),
(42, 107, 252, NULL),
(42, 108, 215, NULL),
(42, 109, 224, NULL),
(42, 112, 151, NULL),
(42, 113, 281, NULL),
(42, 114, 173, NULL),
(42, 116, 14, NULL),
(42, 117, 165, NULL),
(42, 119, 49, NULL),
(42, 89, 260, NULL),
(42, 90, 130, NULL),
(42, 121, 95, NULL),
(42, 122, 253, NULL),
(42, 123, 221, NULL),
(42, 147, 179, NULL),
(42, 162, 273, NULL),
(42, 154, 6, NULL),
(42, 155, 48, NULL),
(42, 156, 246, NULL),
(42, 81, 101, NULL),
(42, 164, 97, NULL),
(42, 165, 33, NULL),
(42, 166, 117, NULL),
(42, 158, 62, NULL),
(42, 159, 47, NULL),
(42, 160, 144, NULL),
(42, 161, 247, NULL),
(43, 91, 207, NULL),
(43, 95, 190, NULL),
(43, 100, 191, NULL),
(43, 101, 273, NULL),
(43, 102, 163, NULL),
(43, 104, 127, NULL),
(43, 105, 251, NULL),
(43, 107, 9, NULL),
(43, 108, 246, NULL),
(43, 109, 258, NULL),
(43, 112, 17, NULL),
(43, 113, 161, NULL),
(43, 114, 262, NULL),
(43, 116, 259, NULL),
(43, 117, 258, NULL),
(43, 119, 213, NULL),
(43, 89, 162, NULL),
(43, 90, 215, NULL),
(43, 121, 36, NULL),
(43, 122, 170, NULL),
(43, 123, 52, NULL),
(43, 147, 215, NULL),
(43, 162, 63, NULL),
(43, 154, 277, NULL),
(43, 155, 59, NULL),
(43, 156, 216, NULL),
(43, 81, 224, NULL),
(43, 164, 216, NULL),
(43, 165, 81, NULL),
(43, 166, 154, NULL),
(43, 158, 232, NULL),
(43, 159, 151, NULL),
(43, 160, 120, NULL),
(43, 161, 158, NULL),
(44, 91, 179, NULL),
(44, 95, 295, NULL),
(44, 100, 5, NULL),
(44, 101, 161, NULL),
(44, 102, 117, NULL),
(44, 104, 82, NULL),
(44, 105, 204, NULL),
(44, 107, 59, NULL),
(44, 108, 184, NULL),
(44, 109, 142, NULL),
(44, 112, 46, NULL),
(44, 113, 10, NULL),
(44, 114, 176, NULL),
(44, 116, 66, NULL),
(44, 117, 89, NULL),
(44, 119, 95, NULL),
(44, 89, 100, NULL),
(44, 90, 288, NULL),
(44, 121, 205, NULL),
(44, 122, 155, NULL),
(44, 123, 262, NULL),
(44, 147, 123, NULL),
(44, 162, 40, NULL),
(44, 154, 50, NULL),
(44, 155, 291, NULL),
(44, 156, 119, NULL),
(44, 81, 86, NULL),
(44, 164, 207, NULL),
(44, 165, 251, NULL),
(44, 166, 253, NULL),
(44, 158, 206, NULL),
(44, 159, 75, NULL),
(44, 160, 76, NULL),
(44, 161, 187, NULL),
(45, 91, 204, NULL),
(45, 95, 134, NULL),
(45, 100, 169, NULL),
(45, 101, 159, NULL),
(45, 102, 239, NULL),
(45, 104, 288, NULL),
(45, 105, 203, NULL),
(45, 107, 107, NULL),
(45, 108, 67, NULL),
(45, 109, 152, NULL),
(45, 112, 56, NULL),
(45, 113, 164, NULL),
(45, 114, 150, NULL),
(45, 116, 34, NULL),
(45, 117, 273, NULL),
(45, 119, 74, NULL),
(45, 89, 41, NULL),
(45, 90, 148, NULL),
(45, 121, 174, NULL),
(45, 122, 262, NULL),
(45, 123, 108, NULL),
(45, 147, 95, NULL),
(45, 162, 296, NULL),
(45, 154, 67, NULL),
(45, 155, 277, NULL),
(45, 156, 146, NULL),
(45, 81, 140, NULL),
(45, 164, 241, NULL),
(45, 165, 236, NULL),
(45, 166, 235, NULL),
(45, 158, 138, NULL),
(45, 159, 30, NULL),
(45, 160, 45, NULL),
(45, 161, 287, NULL),
(46, 91, 225, NULL),
(46, 95, 73, NULL),
(46, 100, 97, NULL),
(46, 101, 112, NULL),
(46, 102, 42, NULL),
(46, 104, 297, NULL),
(46, 105, 178, NULL),
(46, 107, 274, NULL),
(46, 108, 225, NULL),
(46, 109, 214, NULL),
(46, 112, 107, NULL),
(46, 113, 286, NULL),
(46, 114, 244, NULL),
(46, 116, 260, NULL),
(46, 117, 256, NULL),
(46, 119, 84, NULL),
(46, 89, 105, NULL),
(46, 90, 73, NULL),
(46, 121, 44, NULL),
(46, 122, 290, NULL),
(46, 123, 150, NULL),
(46, 147, 95, NULL),
(46, 162, 47, NULL),
(46, 154, 250, NULL),
(46, 155, 84, NULL),
(46, 156, 94, NULL),
(46, 81, 116, NULL),
(46, 164, 251, NULL),
(46, 165, 109, NULL),
(46, 166, 221, NULL),
(46, 158, 148, NULL),
(46, 159, 292, NULL),
(46, 160, 104, NULL),
(46, 161, 8, NULL),
(47, 91, 197, NULL),
(47, 95, 165, NULL),
(47, 100, 30, NULL),
(47, 101, 2, NULL),
(47, 102, 81, NULL),
(47, 104, 290, NULL),
(47, 105, 7, NULL),
(47, 107, 240, NULL),
(47, 108, 182, NULL),
(47, 109, 242, NULL),
(47, 112, 112, NULL),
(47, 113, 30, NULL),
(47, 114, 150, NULL),
(47, 116, 261, NULL),
(47, 117, 82, NULL),
(47, 119, 130, NULL),
(47, 89, 38, NULL),
(47, 90, 218, NULL),
(47, 121, 89, NULL),
(47, 122, 165, NULL),
(47, 123, 25, NULL),
(47, 147, 43, NULL),
(47, 162, 212, NULL),
(47, 154, 41, NULL),
(47, 155, 36, NULL),
(47, 156, 242, NULL),
(47, 81, 27, NULL),
(47, 164, 113, NULL),
(47, 165, 69, NULL),
(47, 166, 175, NULL),
(47, 158, 271, NULL),
(47, 159, 236, NULL),
(47, 160, 123, NULL),
(47, 161, 258, NULL),
(48, 91, 42, NULL),
(48, 95, 148, NULL),
(48, 100, 129, NULL),
(48, 101, 211, NULL),
(48, 102, 218, NULL),
(48, 104, 262, NULL),
(48, 105, 176, NULL),
(48, 107, 262, NULL),
(48, 108, 12, NULL),
(48, 109, 81, NULL),
(48, 112, 126, NULL),
(48, 113, 80, NULL),
(48, 114, 169, NULL),
(48, 116, 75, NULL),
(48, 117, 188, NULL),
(48, 119, 135, NULL),
(48, 89, 238, NULL),
(48, 90, 277, NULL),
(48, 121, 9, NULL),
(48, 122, 90, NULL),
(48, 123, 165, NULL),
(48, 147, 214, NULL),
(48, 162, 130, NULL),
(48, 154, 279, NULL),
(48, 155, 111, NULL),
(48, 156, 25, NULL),
(48, 81, 155, NULL),
(48, 164, 223, NULL),
(48, 165, 254, NULL),
(48, 166, 195, NULL),
(48, 158, 273, NULL),
(48, 159, 109, NULL),
(48, 160, 37, NULL),
(48, 161, 34, NULL),
(49, 91, 6, NULL),
(49, 95, 141, NULL),
(49, 100, 216, NULL),
(49, 101, 100, NULL),
(49, 102, 4, NULL),
(49, 104, 170, NULL),
(49, 105, 181, NULL),
(49, 107, 89, NULL),
(49, 108, 2, NULL),
(49, 109, 260, NULL),
(49, 112, 249, NULL),
(49, 113, 141, NULL),
(49, 114, 207, NULL),
(49, 116, 202, NULL),
(49, 117, 242, NULL),
(49, 119, 219, NULL),
(49, 89, 114, NULL),
(49, 90, 229, NULL),
(49, 121, 212, NULL),
(49, 122, 135, NULL),
(49, 123, 128, NULL),
(49, 147, 34, NULL),
(49, 162, 152, NULL),
(49, 154, 51, NULL),
(49, 155, 99, NULL),
(49, 156, 240, NULL),
(49, 81, 26, NULL),
(49, 164, 114, NULL),
(49, 165, 152, NULL),
(49, 166, 212, NULL),
(49, 158, 275, NULL),
(49, 159, 72, NULL),
(49, 160, 271, NULL),
(49, 161, 59, NULL),
(50, 91, 268, NULL),
(50, 95, 125, NULL),
(50, 100, 122, NULL),
(50, 101, 206, NULL),
(50, 102, 268, NULL),
(50, 104, 183, NULL),
(50, 105, 98, NULL),
(50, 107, 185, NULL),
(50, 108, 266, NULL),
(50, 109, 150, NULL),
(50, 112, 175, NULL),
(50, 113, 160, NULL),
(50, 114, 112, NULL),
(50, 116, 281, NULL),
(50, 117, 269, NULL),
(50, 119, 197, NULL),
(50, 89, 245, NULL),
(50, 90, 194, NULL),
(50, 121, 108, NULL),
(50, 122, 45, NULL),
(50, 123, 144, NULL),
(50, 147, 182, NULL),
(50, 162, 182, NULL),
(50, 154, 45, NULL),
(50, 155, 285, NULL),
(50, 156, 5, NULL),
(50, 81, 78, NULL),
(50, 164, 137, NULL),
(50, 165, 222, NULL),
(50, 166, 268, NULL),
(50, 158, 142, NULL),
(50, 159, 225, NULL),
(50, 160, 46, NULL),
(50, 161, 105, NULL),
(51, 91, 128, NULL),
(51, 95, 1, NULL),
(51, 100, 283, NULL),
(51, 101, 16, NULL),
(51, 102, 241, NULL),
(51, 104, 16, NULL),
(51, 105, 8, NULL),
(51, 107, 177, NULL),
(51, 108, 226, NULL),
(51, 109, 124, NULL),
(51, 112, 54, NULL),
(51, 113, 6, NULL),
(51, 114, 103, NULL),
(51, 116, 265, NULL),
(51, 117, 1, NULL),
(51, 119, 174, NULL),
(51, 89, 239, NULL),
(51, 90, 24, NULL),
(51, 121, 119, NULL),
(51, 122, 262, NULL),
(51, 123, 177, NULL),
(51, 147, 30, NULL),
(51, 162, 50, NULL),
(51, 154, 139, NULL),
(51, 155, 57, NULL),
(51, 156, 190, NULL),
(51, 81, 283, NULL),
(51, 164, 28, NULL),
(51, 165, 27, NULL),
(51, 166, 183, NULL),
(51, 158, 175, NULL),
(51, 159, 151, NULL),
(51, 160, 179, NULL),
(51, 161, 185, NULL),
(52, 91, 99, NULL),
(52, 95, 125, NULL),
(52, 100, 291, NULL),
(52, 101, 14, NULL),
(52, 102, 159, NULL),
(52, 104, 158, NULL),
(52, 105, 244, NULL),
(52, 107, 266, NULL),
(52, 108, 38, NULL),
(52, 109, 31, NULL),
(52, 112, 300, NULL),
(52, 113, 196, NULL),
(52, 114, 289, NULL),
(52, 116, 202, NULL),
(52, 117, 183, NULL),
(52, 119, 256, NULL),
(52, 89, 81, NULL),
(52, 90, 98, NULL),
(52, 121, 228, NULL),
(52, 122, 196, NULL),
(52, 123, 65, NULL),
(52, 147, 223, NULL),
(52, 162, 215, NULL),
(52, 154, 18, NULL),
(52, 155, 111, NULL),
(52, 156, 132, NULL),
(52, 81, 219, NULL),
(52, 164, 211, NULL),
(52, 165, 60, NULL),
(52, 166, 182, NULL),
(52, 158, 232, NULL),
(52, 159, 275, NULL),
(52, 160, 27, NULL),
(52, 161, 129, NULL),
(53, 91, 232, NULL),
(53, 95, 68, NULL),
(53, 100, 72, NULL),
(53, 101, 84, NULL),
(53, 102, 258, NULL),
(53, 104, 207, NULL),
(53, 105, 57, NULL),
(53, 107, 239, NULL),
(53, 108, 37, NULL),
(53, 109, 200, NULL),
(53, 112, 64, NULL),
(53, 113, 26, NULL),
(53, 114, 97, NULL),
(53, 116, 54, NULL),
(53, 117, 290, NULL),
(53, 119, 278, NULL),
(53, 89, 100, NULL),
(53, 90, 10, NULL),
(53, 121, 243, NULL),
(53, 122, 24, NULL),
(53, 123, 32, NULL),
(53, 147, 87, NULL),
(53, 162, 37, NULL),
(53, 154, 255, NULL),
(53, 155, 300, NULL),
(53, 156, 202, NULL),
(53, 81, 108, NULL),
(53, 164, 276, NULL),
(53, 165, 176, NULL),
(53, 166, 115, NULL),
(53, 158, 26, NULL),
(53, 159, 91, NULL),
(53, 160, 206, NULL),
(53, 161, 135, NULL),
(54, 91, 33, NULL),
(54, 95, 203, NULL),
(54, 100, 62, NULL),
(54, 101, 200, NULL),
(54, 102, 244, NULL),
(54, 104, 112, NULL),
(54, 105, 11, NULL),
(54, 107, 77, NULL),
(54, 108, 105, NULL),
(54, 109, 44, NULL),
(54, 112, 217, NULL),
(54, 113, 271, NULL),
(54, 114, 34, NULL),
(54, 116, 255, NULL),
(54, 117, 64, NULL),
(54, 119, 120, NULL),
(54, 89, 129, NULL),
(54, 90, 218, NULL),
(54, 121, 133, NULL),
(54, 122, 11, NULL),
(54, 123, 188, NULL),
(54, 147, 100, NULL),
(54, 162, 86, NULL),
(54, 154, 142, NULL),
(54, 155, 288, NULL),
(54, 156, 288, NULL),
(54, 81, 200, NULL),
(54, 164, 53, NULL),
(54, 165, 143, NULL),
(54, 166, 109, NULL),
(54, 158, 131, NULL),
(54, 159, 119, NULL),
(54, 160, 274, NULL),
(54, 161, 188, NULL),
(55, 91, 133, NULL),
(55, 95, 264, NULL),
(55, 100, 144, NULL),
(55, 101, 173, NULL),
(55, 102, 201, NULL),
(55, 104, 24, NULL),
(55, 105, 223, NULL),
(55, 107, 291, NULL),
(55, 108, 56, NULL),
(55, 109, 276, NULL),
(55, 112, 133, NULL),
(55, 113, 186, NULL),
(55, 114, 159, NULL),
(55, 116, 139, NULL),
(55, 117, 126, NULL),
(55, 119, 175, NULL),
(55, 89, 186, NULL),
(55, 90, 134, NULL),
(55, 121, 87, NULL),
(55, 122, 183, NULL),
(55, 123, 210, NULL),
(55, 147, 207, NULL),
(55, 162, 214, NULL),
(55, 154, 102, NULL),
(55, 155, 150, NULL),
(55, 156, 237, NULL),
(55, 81, 184, NULL),
(55, 164, 82, NULL),
(55, 165, 258, NULL),
(55, 166, 274, NULL),
(55, 158, 219, NULL),
(55, 159, 93, NULL),
(55, 160, 120, NULL),
(55, 161, 251, NULL),
(56, 91, 45, NULL),
(56, 95, 281, NULL),
(56, 100, 178, NULL),
(56, 101, 3, NULL),
(56, 102, 68, NULL),
(56, 104, 21, NULL),
(56, 105, 166, NULL),
(56, 107, 20, NULL),
(56, 108, 67, NULL),
(56, 109, 157, NULL),
(56, 112, 181, NULL),
(56, 113, 73, NULL),
(56, 114, 191, NULL),
(56, 116, 162, NULL),
(56, 117, 1, NULL),
(56, 119, 209, NULL),
(56, 89, 67, NULL),
(56, 90, 276, NULL),
(56, 121, 207, NULL),
(56, 122, 49, NULL),
(56, 123, 69, NULL),
(56, 147, 128, NULL),
(56, 162, 176, NULL),
(56, 154, 281, NULL),
(56, 155, 240, NULL),
(56, 156, 180, NULL),
(56, 81, 168, NULL),
(56, 164, 25, NULL),
(56, 165, 163, NULL),
(56, 166, 190, NULL),
(56, 158, 25, NULL),
(56, 159, 151, NULL),
(56, 160, 127, NULL),
(56, 161, 15, NULL),
(57, 91, 179, NULL),
(57, 95, 42, NULL),
(57, 100, 76, NULL),
(57, 101, 286, NULL),
(57, 102, 232, NULL),
(57, 104, 232, NULL),
(57, 105, 50, NULL),
(57, 107, 22, NULL),
(57, 108, 210, NULL),
(57, 109, 117, NULL),
(57, 112, 172, NULL),
(57, 113, 202, NULL),
(57, 114, 164, NULL),
(57, 116, 33, NULL),
(57, 117, 194, NULL),
(57, 119, 229, NULL),
(57, 89, 105, NULL),
(57, 90, 167, NULL),
(57, 121, 83, NULL),
(57, 122, 236, NULL),
(57, 123, 233, NULL),
(57, 147, 18, NULL),
(57, 162, 32, NULL),
(57, 154, 279, NULL),
(57, 155, 217, NULL),
(57, 156, 238, NULL),
(57, 81, 132, NULL),
(57, 164, 136, NULL),
(57, 165, 195, NULL),
(57, 166, 194, NULL),
(57, 158, 250, NULL),
(57, 159, 160, NULL),
(57, 160, 34, NULL),
(57, 161, 118, NULL),
(58, 91, 113, NULL),
(58, 95, 32, NULL),
(58, 100, 196, NULL),
(58, 101, 240, NULL),
(58, 102, 243, NULL),
(58, 104, 124, NULL),
(58, 105, 111, NULL),
(58, 107, 94, NULL),
(58, 108, 239, NULL),
(58, 109, 78, NULL),
(58, 112, 36, NULL),
(58, 113, 49, NULL),
(58, 114, 283, NULL),
(58, 116, 67, NULL),
(58, 117, 118, NULL),
(58, 119, 266, NULL),
(58, 89, 171, NULL),
(58, 90, 7, NULL),
(58, 121, 203, NULL),
(58, 122, 169, NULL),
(58, 123, 177, NULL),
(58, 147, 99, NULL),
(58, 162, 142, NULL),
(58, 154, 184, NULL),
(58, 155, 111, NULL),
(58, 156, 284, NULL),
(58, 81, 154, NULL),
(58, 164, 38, NULL),
(58, 165, 49, NULL),
(58, 166, 72, NULL),
(58, 158, 44, NULL),
(58, 159, 197, NULL),
(58, 160, 5, NULL),
(58, 161, 125, NULL),
(59, 91, 29, NULL),
(59, 95, 269, NULL),
(59, 100, 61, NULL),
(59, 101, 154, NULL),
(59, 102, 206, NULL),
(59, 104, 39, NULL),
(59, 105, 130, NULL),
(59, 107, 134, NULL),
(59, 108, 19, NULL),
(59, 109, 180, NULL),
(59, 112, 177, NULL),
(59, 113, 109, NULL),
(59, 114, 37, NULL),
(59, 116, 156, NULL),
(59, 117, 71, NULL),
(59, 119, 293, NULL),
(59, 89, 77, NULL),
(59, 90, 205, NULL),
(59, 121, 239, NULL),
(59, 122, 222, NULL),
(59, 123, 156, NULL),
(59, 147, 172, NULL),
(59, 162, 36, NULL),
(59, 154, 231, NULL),
(59, 155, 141, NULL),
(59, 156, 200, NULL),
(59, 81, 22, NULL),
(59, 164, 236, NULL),
(59, 165, 18, NULL),
(59, 166, 12, NULL),
(59, 158, 1, NULL),
(59, 159, 158, NULL),
(59, 160, 57, NULL),
(59, 161, 56, NULL),
(60, 91, 291, NULL),
(60, 95, 172, NULL),
(60, 100, 39, NULL),
(60, 101, 117, NULL),
(60, 102, 250, NULL),
(60, 104, 45, NULL),
(60, 105, 73, NULL),
(60, 107, 84, NULL),
(60, 108, 160, NULL),
(60, 109, 291, NULL),
(60, 112, 120, NULL),
(60, 113, 271, NULL),
(60, 114, 101, NULL),
(60, 116, 127, NULL),
(60, 117, 50, NULL),
(60, 119, 41, NULL),
(60, 89, 183, NULL),
(60, 90, 135, NULL),
(60, 121, 125, NULL),
(60, 122, 242, NULL),
(60, 123, 160, NULL),
(60, 147, 63, NULL),
(60, 162, 13, NULL),
(60, 154, 170, NULL),
(60, 155, 11, NULL),
(60, 156, 120, NULL),
(60, 81, 224, NULL),
(60, 164, 286, NULL),
(60, 165, 288, NULL),
(60, 166, 295, NULL),
(60, 158, 298, NULL),
(60, 159, 21, NULL),
(60, 160, 279, NULL),
(60, 161, 12, NULL),
(61, 91, 97, NULL),
(61, 95, 209, NULL),
(61, 100, 78, NULL),
(61, 101, 99, NULL),
(61, 102, 151, NULL),
(61, 104, 217, NULL),
(61, 105, 280, NULL),
(61, 107, 187, NULL),
(61, 108, 80, NULL),
(61, 109, 76, NULL),
(61, 112, 96, NULL),
(61, 113, 22, NULL),
(61, 114, 189, NULL),
(61, 116, 53, NULL),
(61, 117, 232, NULL),
(61, 119, 126, NULL),
(61, 89, 49, NULL),
(61, 90, 39, NULL),
(61, 121, 48, NULL),
(61, 122, 118, NULL),
(61, 123, 95, NULL),
(61, 147, 139, NULL),
(61, 162, 255, NULL),
(61, 154, 144, NULL),
(61, 155, 246, NULL),
(61, 156, 215, NULL),
(61, 81, 297, NULL),
(61, 164, 114, NULL),
(61, 165, 48, NULL),
(61, 166, 150, NULL),
(61, 158, 7, NULL),
(61, 159, 108, NULL),
(61, 160, 54, NULL),
(61, 161, 77, NULL),
(62, 91, 239, NULL),
(62, 95, 195, NULL),
(62, 100, 93, NULL),
(62, 101, 259, NULL),
(62, 102, 57, NULL),
(62, 104, 235, NULL),
(62, 105, 100, NULL),
(62, 107, 86, NULL),
(62, 108, 120, NULL),
(62, 109, 15, NULL),
(62, 112, 146, NULL),
(62, 113, 5, NULL),
(62, 114, 111, NULL),
(62, 116, 287, NULL),
(62, 117, 57, NULL),
(62, 119, 73, NULL),
(62, 89, 154, NULL),
(62, 90, 151, NULL),
(62, 121, 246, NULL),
(62, 122, 59, NULL),
(62, 123, 47, NULL),
(62, 147, 188, NULL),
(62, 162, 121, NULL),
(62, 154, 287, NULL),
(62, 155, 289, NULL),
(62, 156, 171, NULL),
(62, 81, 196, NULL),
(62, 164, 70, NULL),
(62, 165, 8, NULL),
(62, 166, 82, NULL),
(62, 158, 237, NULL),
(62, 159, 137, NULL),
(62, 160, 244, NULL),
(62, 161, 9, NULL),
(63, 91, 40, NULL),
(63, 95, 163, NULL),
(63, 100, 236, NULL),
(63, 101, 30, NULL),
(63, 102, 255, NULL),
(63, 104, 265, NULL),
(63, 105, 298, NULL),
(63, 107, 298, NULL),
(63, 108, 97, NULL),
(63, 109, 284, NULL),
(63, 112, 129, NULL),
(63, 113, 110, NULL),
(63, 114, 157, NULL),
(63, 116, 280, NULL),
(63, 117, 147, NULL),
(63, 119, 149, NULL),
(63, 89, 144, NULL),
(63, 90, 149, NULL),
(63, 121, 105, NULL),
(63, 122, 120, NULL),
(63, 123, 81, NULL),
(63, 147, 15, NULL),
(63, 162, 113, NULL),
(63, 154, 3, NULL),
(63, 155, 130, NULL),
(63, 156, 161, NULL),
(63, 81, 115, NULL),
(63, 164, 291, NULL),
(63, 165, 112, NULL),
(63, 166, 146, NULL),
(63, 158, 13, NULL),
(63, 159, 157, NULL),
(63, 160, 133, NULL),
(63, 161, 291, NULL),
(64, 91, 92, NULL),
(64, 95, 77, NULL),
(64, 100, 234, NULL),
(64, 101, 144, NULL),
(64, 102, 223, NULL),
(64, 104, 274, NULL),
(64, 105, 198, NULL),
(64, 107, 151, NULL),
(64, 108, 66, NULL),
(64, 109, 49, NULL),
(64, 112, 135, NULL),
(64, 113, 182, NULL),
(64, 114, 187, NULL),
(64, 116, 194, NULL),
(64, 117, 24, NULL),
(64, 119, 194, NULL),
(64, 89, 212, NULL),
(64, 90, 119, NULL),
(64, 121, 147, NULL),
(64, 122, 231, NULL),
(64, 123, 295, NULL),
(64, 147, 161, NULL),
(64, 162, 45, NULL),
(64, 154, 48, NULL),
(64, 155, 140, NULL),
(64, 156, 237, NULL),
(64, 81, 125, NULL),
(64, 164, 85, NULL),
(64, 165, 125, NULL),
(64, 166, 55, NULL),
(64, 158, 218, NULL),
(64, 159, 91, NULL),
(64, 160, 241, NULL),
(64, 161, 43, NULL),
(65, 91, 88, NULL),
(65, 95, 118, NULL),
(65, 100, 61, NULL),
(65, 101, 2, NULL),
(65, 102, 237, NULL),
(65, 104, 167, NULL),
(65, 105, 203, NULL),
(65, 107, 28, NULL),
(65, 108, 118, NULL),
(65, 109, 205, NULL),
(65, 112, 177, NULL),
(65, 113, 32, NULL),
(65, 114, 151, NULL),
(65, 116, 293, NULL),
(65, 117, 7, NULL),
(65, 119, 155, NULL),
(65, 89, 97, NULL),
(65, 90, 46, NULL),
(65, 121, 144, NULL),
(65, 122, 155, NULL),
(65, 123, 138, NULL),
(65, 147, 120, NULL),
(65, 162, 291, NULL),
(65, 154, 181, NULL),
(65, 155, 72, NULL),
(65, 156, 253, NULL),
(65, 81, 54, NULL),
(65, 164, 9, NULL),
(65, 165, 124, NULL),
(65, 166, 24, NULL),
(65, 158, 238, NULL),
(65, 159, 85, NULL),
(65, 160, 9, NULL),
(65, 161, 43, NULL),
(66, 91, 140, NULL),
(66, 95, 99, NULL),
(66, 100, 163, NULL),
(66, 101, 118, NULL),
(66, 102, 61, NULL),
(66, 104, 245, NULL),
(66, 105, 185, NULL),
(66, 107, 268, NULL),
(66, 108, 193, NULL),
(66, 109, 230, NULL),
(66, 112, 175, NULL),
(66, 113, 240, NULL),
(66, 114, 204, NULL),
(66, 116, 139, NULL),
(66, 117, 189, NULL),
(66, 119, 47, NULL),
(66, 89, 89, NULL),
(66, 90, 85, NULL),
(66, 121, 45, NULL),
(66, 122, 101, NULL),
(66, 123, 151, NULL),
(66, 147, 17, NULL),
(66, 162, 20, NULL),
(66, 154, 235, NULL),
(66, 155, 285, NULL),
(66, 156, 108, NULL),
(66, 81, 277, NULL),
(66, 164, 174, NULL),
(66, 165, 48, NULL),
(66, 166, 128, NULL),
(66, 158, 199, NULL),
(66, 159, 286, NULL),
(66, 160, 184, NULL),
(66, 161, 92, NULL),
(67, 91, 203, NULL),
(67, 95, 49, NULL),
(67, 100, 249, NULL),
(67, 101, 58, NULL),
(67, 102, 208, NULL),
(67, 104, 249, NULL),
(67, 105, 32, NULL),
(67, 107, 28, NULL),
(67, 108, 182, NULL),
(67, 109, 89, NULL),
(67, 112, 174, NULL),
(67, 113, 7, NULL),
(67, 114, 162, NULL),
(67, 116, 280, NULL),
(67, 117, 297, NULL),
(67, 119, 144, NULL),
(67, 89, 221, NULL),
(67, 90, 70, NULL),
(67, 121, 64, NULL),
(67, 122, 196, NULL),
(67, 123, 154, NULL),
(67, 147, 219, NULL),
(67, 162, 172, NULL),
(67, 154, 146, NULL),
(67, 155, 277, NULL),
(67, 156, 271, NULL),
(67, 81, 73, NULL),
(67, 164, 261, NULL),
(67, 165, 104, NULL),
(67, 166, 132, NULL),
(67, 158, 126, NULL),
(67, 159, 131, NULL),
(67, 160, 108, NULL),
(67, 161, 47, NULL),
(68, 91, 270, NULL),
(68, 95, 110, NULL),
(68, 100, 224, NULL),
(68, 101, 94, NULL),
(68, 102, 217, NULL),
(68, 104, 43, NULL),
(68, 105, 276, NULL),
(68, 107, 19, NULL),
(68, 108, 168, NULL),
(68, 109, 165, NULL),
(68, 112, 136, NULL),
(68, 113, 172, NULL),
(68, 114, 275, NULL),
(68, 116, 137, NULL),
(68, 117, 49, NULL),
(68, 119, 214, NULL),
(68, 89, 260, NULL),
(68, 90, 64, NULL),
(68, 121, 78, NULL),
(68, 122, 64, NULL),
(68, 123, 158, NULL),
(68, 147, 28, NULL),
(68, 162, 167, NULL),
(68, 154, 220, NULL),
(68, 155, 263, NULL),
(68, 156, 84, NULL),
(68, 81, 29, NULL),
(68, 164, 54, NULL),
(68, 165, 267, NULL),
(68, 166, 113, NULL),
(68, 158, 108, NULL),
(68, 159, 81, NULL),
(68, 160, 81, NULL),
(68, 161, 179, NULL),
(69, 91, 241, NULL),
(69, 95, 156, NULL),
(69, 100, 286, NULL),
(69, 101, 276, NULL),
(69, 102, 44, NULL),
(69, 104, 160, NULL),
(69, 105, 32, NULL),
(69, 107, 104, NULL),
(69, 108, 255, NULL),
(69, 109, 181, NULL),
(69, 112, 296, NULL),
(69, 113, 127, NULL),
(69, 114, 112, NULL),
(69, 116, 3, NULL),
(69, 117, 150, NULL),
(69, 119, 72, NULL),
(69, 89, 241, NULL),
(69, 90, 255, NULL),
(69, 121, 121, NULL),
(69, 122, 146, NULL),
(69, 123, 239, NULL),
(69, 147, 278, NULL),
(69, 162, 242, NULL),
(69, 154, 197, NULL),
(69, 155, 266, NULL),
(69, 156, 109, NULL),
(69, 81, 62, NULL),
(69, 164, 296, NULL),
(69, 165, 140, NULL),
(69, 166, 194, NULL),
(69, 158, 265, NULL),
(69, 159, 148, NULL),
(69, 160, 80, NULL),
(69, 161, 209, NULL),
(70, 91, 211, NULL),
(70, 95, 243, NULL),
(70, 100, 211, NULL),
(70, 101, 150, NULL),
(70, 102, 15, NULL),
(70, 104, 223, NULL),
(70, 105, 208, NULL),
(70, 107, 91, NULL),
(70, 108, 37, NULL),
(70, 109, 164, NULL),
(70, 112, 88, NULL),
(70, 113, 114, NULL),
(70, 114, 260, NULL),
(70, 116, 136, NULL),
(70, 117, 219, NULL),
(70, 119, 67, NULL),
(70, 89, 298, NULL),
(70, 90, 28, NULL),
(70, 121, 12, NULL),
(70, 122, 100, NULL),
(70, 123, 130, NULL),
(70, 147, 294, NULL),
(70, 162, 48, NULL),
(70, 154, 213, NULL),
(70, 155, 50, NULL),
(70, 156, 189, NULL),
(70, 81, 186, NULL),
(70, 164, 288, NULL),
(70, 165, 210, NULL),
(70, 166, 110, NULL),
(70, 158, 31, NULL),
(70, 159, 278, NULL),
(70, 160, 40, NULL),
(70, 161, 98, NULL),
(71, 91, 137, NULL),
(71, 95, 267, NULL),
(71, 100, 100, NULL),
(71, 101, 211, NULL),
(71, 102, 284, NULL),
(71, 104, 76, NULL),
(71, 105, 39, NULL),
(71, 107, 267, NULL),
(71, 108, 227, NULL),
(71, 109, 144, NULL),
(71, 112, 96, NULL),
(71, 113, 65, NULL),
(71, 114, 54, NULL),
(71, 116, 11, NULL),
(71, 117, 223, NULL),
(71, 119, 170, NULL),
(71, 89, 108, NULL),
(71, 90, 162, NULL),
(71, 121, 207, NULL),
(71, 122, 109, NULL),
(71, 123, 59, NULL),
(71, 147, 115, NULL),
(71, 162, 83, NULL),
(71, 154, 62, NULL),
(71, 155, 86, NULL),
(71, 156, 140, NULL),
(71, 81, 18, NULL),
(71, 164, 209, NULL),
(71, 165, 129, NULL),
(71, 166, 94, NULL),
(71, 158, 176, NULL),
(71, 159, 117, NULL),
(71, 160, 43, NULL),
(71, 161, 184, NULL),
(72, 91, 154, NULL),
(72, 95, 268, NULL),
(72, 100, 270, NULL),
(72, 101, 177, NULL),
(72, 102, 169, NULL),
(72, 104, 82, NULL),
(72, 105, 109, NULL),
(72, 107, 2, NULL),
(72, 108, 251, NULL),
(72, 109, 51, NULL),
(72, 112, 198, NULL),
(72, 113, 128, NULL),
(72, 114, 230, NULL),
(72, 116, 127, NULL),
(72, 117, 7, NULL),
(72, 119, 89, NULL),
(72, 89, 173, NULL),
(72, 90, 176, NULL),
(72, 121, 300, NULL),
(72, 122, 5, NULL),
(72, 123, 91, NULL),
(72, 147, 20, NULL),
(72, 162, 97, NULL),
(72, 154, 105, NULL),
(72, 155, 86, NULL),
(72, 156, 59, NULL),
(72, 81, 202, NULL),
(72, 164, 251, NULL),
(72, 165, 96, NULL),
(72, 166, 163, NULL),
(72, 158, 261, NULL),
(72, 159, 40, NULL),
(72, 160, 176, NULL),
(72, 161, 133, NULL),
(73, 91, 35, NULL),
(73, 95, 168, NULL),
(73, 100, 60, NULL),
(73, 101, 15, NULL),
(73, 102, 232, NULL),
(73, 104, 254, NULL),
(73, 105, 156, NULL),
(73, 107, 96, NULL),
(73, 108, 284, NULL),
(73, 109, 129, NULL),
(73, 112, 117, NULL),
(73, 113, 15, NULL),
(73, 114, 234, NULL),
(73, 116, 181, NULL),
(73, 117, 215, NULL),
(73, 119, 176, NULL),
(73, 89, 210, NULL),
(73, 90, 162, NULL),
(73, 121, 281, NULL),
(73, 122, 263, NULL),
(73, 123, 263, NULL),
(73, 147, 165, NULL),
(73, 162, 280, NULL),
(73, 154, 3, NULL),
(73, 155, 166, NULL),
(73, 156, 263, NULL),
(73, 81, 248, NULL),
(73, 164, 52, NULL),
(73, 165, 165, NULL),
(73, 166, 2, NULL),
(73, 158, 278, NULL),
(73, 159, 226, NULL),
(73, 160, 5, NULL),
(73, 161, 195, NULL),
(74, 91, 170, NULL),
(74, 95, 282, NULL),
(74, 100, 79, NULL),
(74, 101, 41, NULL),
(74, 102, 281, NULL),
(74, 104, 278, NULL),
(74, 105, 155, NULL),
(74, 107, 177, NULL),
(74, 108, 152, NULL),
(74, 109, 249, NULL),
(74, 112, 224, NULL),
(74, 113, 292, NULL),
(74, 114, 239, NULL),
(74, 116, 92, NULL),
(74, 117, 64, NULL),
(74, 119, 236, NULL),
(74, 89, 280, NULL),
(74, 90, 257, NULL),
(74, 121, 283, NULL),
(74, 122, 115, NULL),
(74, 123, 147, NULL),
(74, 147, 174, NULL),
(74, 162, 154, NULL),
(74, 154, 90, NULL),
(74, 155, 116, NULL),
(74, 156, 243, NULL),
(74, 81, 63, NULL),
(74, 164, 94, NULL),
(74, 165, 56, NULL),
(74, 166, 141, NULL),
(74, 158, 223, NULL),
(74, 159, 35, NULL),
(74, 160, 155, NULL),
(74, 161, 115, NULL),
(75, 91, 139, NULL),
(75, 95, 298, NULL),
(75, 100, 91, NULL),
(75, 101, 181, NULL),
(75, 102, 89, NULL),
(75, 104, 187, NULL),
(75, 105, 32, NULL),
(75, 107, 136, NULL),
(75, 108, 124, NULL),
(75, 109, 181, NULL),
(75, 112, 39, NULL),
(75, 113, 164, NULL),
(75, 114, 190, NULL),
(75, 116, 29, NULL),
(75, 117, 212, NULL),
(75, 119, 137, NULL),
(75, 89, 85, NULL),
(75, 90, 261, NULL),
(75, 121, 23, NULL),
(75, 122, 172, NULL),
(75, 123, 290, NULL),
(75, 147, 98, NULL),
(75, 162, 183, NULL),
(75, 154, 148, NULL),
(75, 155, 81, NULL),
(75, 156, 171, NULL),
(75, 81, 185, NULL);
INSERT INTO `tb_historico_alimento_pedido` (`id_historico_pedido`, `id_cardapio`, `quant`, `hora_envio`) VALUES
(75, 164, 55, NULL),
(75, 165, 179, NULL),
(75, 166, 133, NULL),
(75, 158, 270, NULL),
(75, 159, 16, NULL),
(75, 160, 148, NULL),
(75, 161, 81, NULL),
(76, 91, 55, NULL),
(76, 95, 247, NULL),
(76, 100, 49, NULL),
(76, 101, 98, NULL),
(76, 102, 87, NULL),
(76, 104, 182, NULL),
(76, 105, 225, NULL),
(76, 107, 174, NULL),
(76, 108, 41, NULL),
(76, 109, 140, NULL),
(76, 112, 198, NULL),
(76, 113, 210, NULL),
(76, 114, 177, NULL),
(76, 116, 128, NULL),
(76, 117, 168, NULL),
(76, 119, 272, NULL),
(76, 89, 44, NULL),
(76, 90, 252, NULL),
(76, 121, 114, NULL),
(76, 122, 144, NULL),
(76, 123, 284, NULL),
(76, 147, 291, NULL),
(76, 162, 92, NULL),
(76, 154, 35, NULL),
(76, 155, 150, NULL),
(76, 156, 103, NULL),
(76, 81, 125, NULL),
(76, 164, 178, NULL),
(76, 165, 12, NULL),
(76, 166, 24, NULL),
(76, 158, 65, NULL),
(76, 159, 132, NULL),
(76, 160, 86, NULL),
(76, 161, 78, NULL),
(77, 91, 83, NULL),
(77, 95, 217, NULL),
(77, 100, 228, NULL),
(77, 101, 132, NULL),
(77, 102, 292, NULL),
(77, 104, 260, NULL),
(77, 105, 78, NULL),
(77, 107, 59, NULL),
(77, 108, 222, NULL),
(77, 109, 204, NULL),
(77, 112, 138, NULL),
(77, 113, 252, NULL),
(77, 114, 38, NULL),
(77, 116, 46, NULL),
(77, 117, 71, NULL),
(77, 119, 266, NULL),
(77, 89, 84, NULL),
(77, 90, 266, NULL),
(77, 121, 99, NULL),
(77, 122, 211, NULL),
(77, 123, 244, NULL),
(77, 147, 148, NULL),
(77, 162, 69, NULL),
(77, 154, 276, NULL),
(77, 155, 298, NULL),
(77, 156, 125, NULL),
(77, 81, 16, NULL),
(77, 164, 250, NULL),
(77, 165, 207, NULL),
(77, 166, 143, NULL),
(77, 158, 176, NULL),
(77, 159, 269, NULL),
(77, 160, 3, NULL),
(77, 161, 37, NULL),
(78, 91, 44, NULL),
(78, 95, 115, NULL),
(78, 100, 176, NULL),
(78, 101, 170, NULL),
(78, 102, 297, NULL),
(78, 104, 243, NULL),
(78, 105, 280, NULL),
(78, 107, 129, NULL),
(78, 108, 83, NULL),
(78, 109, 257, NULL),
(78, 112, 50, NULL),
(78, 113, 292, NULL),
(78, 114, 139, NULL),
(78, 116, 208, NULL),
(78, 117, 186, NULL),
(78, 119, 226, NULL),
(78, 89, 40, NULL),
(78, 90, 79, NULL),
(78, 121, 266, NULL),
(78, 122, 133, NULL),
(78, 123, 110, NULL),
(78, 147, 107, NULL),
(78, 162, 16, NULL),
(78, 154, 20, NULL),
(78, 155, 18, NULL),
(78, 156, 150, NULL),
(78, 81, 103, NULL),
(78, 164, 116, NULL),
(78, 165, 139, NULL),
(78, 166, 122, NULL),
(78, 158, 244, NULL),
(78, 159, 184, NULL),
(78, 160, 48, NULL),
(78, 161, 191, NULL),
(79, 91, 274, NULL),
(79, 95, 296, NULL),
(79, 100, 220, NULL),
(79, 101, 254, NULL),
(79, 102, 6, NULL),
(79, 104, 126, NULL),
(79, 105, 43, NULL),
(79, 107, 43, NULL),
(79, 108, 154, NULL),
(79, 109, 77, NULL),
(79, 112, 134, NULL),
(79, 113, 42, NULL),
(79, 114, 193, NULL),
(79, 116, 245, NULL),
(79, 117, 7, NULL),
(79, 119, 35, NULL),
(79, 89, 222, NULL),
(79, 90, 50, NULL),
(79, 121, 261, NULL),
(79, 122, 267, NULL),
(79, 123, 161, NULL),
(79, 147, 298, NULL),
(79, 162, 175, NULL),
(79, 154, 168, NULL),
(79, 155, 139, NULL),
(79, 156, 300, NULL),
(79, 81, 244, NULL),
(79, 164, 299, NULL),
(79, 165, 129, NULL),
(79, 166, 232, NULL),
(79, 158, 94, NULL),
(79, 159, 86, NULL),
(79, 160, 234, NULL),
(79, 161, 89, NULL),
(80, 91, 120, NULL),
(80, 95, 139, NULL),
(80, 100, 42, NULL),
(80, 101, 52, NULL),
(80, 102, 257, NULL),
(80, 104, 226, NULL),
(80, 105, 53, NULL),
(80, 107, 173, NULL),
(80, 108, 27, NULL),
(80, 109, 155, NULL),
(80, 112, 221, NULL),
(80, 113, 165, NULL),
(80, 114, 269, NULL),
(80, 116, 82, NULL),
(80, 117, 139, NULL),
(80, 119, 37, NULL),
(80, 89, 207, NULL),
(80, 90, 234, NULL),
(80, 121, 132, NULL),
(80, 122, 10, NULL),
(80, 123, 53, NULL),
(80, 147, 12, NULL),
(80, 162, 199, NULL),
(80, 154, 98, NULL),
(80, 155, 267, NULL),
(80, 156, 211, NULL),
(80, 81, 36, NULL),
(80, 164, 193, NULL),
(80, 165, 67, NULL),
(80, 166, 221, NULL),
(80, 158, 175, NULL),
(80, 159, 266, NULL),
(80, 160, 141, NULL),
(80, 161, 6, NULL),
(81, 91, 206, NULL),
(81, 95, 81, NULL),
(81, 100, 176, NULL),
(81, 101, 207, NULL),
(81, 102, 66, NULL),
(81, 104, 172, NULL),
(81, 105, 261, NULL),
(81, 107, 112, NULL),
(81, 108, 92, NULL),
(81, 109, 38, NULL),
(81, 112, 156, NULL),
(81, 113, 72, NULL),
(81, 114, 273, NULL),
(81, 116, 63, NULL),
(81, 117, 37, NULL),
(81, 119, 173, NULL),
(81, 89, 82, NULL),
(81, 90, 140, NULL),
(81, 121, 283, NULL),
(81, 122, 198, NULL),
(81, 123, 163, NULL),
(81, 147, 149, NULL),
(81, 162, 107, NULL),
(81, 154, 229, NULL),
(81, 155, 19, NULL),
(81, 156, 58, NULL),
(81, 81, 154, NULL),
(81, 164, 237, NULL),
(81, 165, 91, NULL),
(81, 166, 277, NULL),
(81, 158, 4, NULL),
(81, 159, 292, NULL),
(81, 160, 66, NULL),
(81, 161, 35, NULL),
(82, 91, 204, NULL),
(82, 95, 296, NULL),
(82, 100, 267, NULL),
(82, 101, 256, NULL),
(82, 102, 235, NULL),
(82, 104, 126, NULL),
(82, 105, 296, NULL),
(82, 107, 233, NULL),
(82, 108, 152, NULL),
(82, 109, 190, NULL),
(82, 112, 180, NULL),
(82, 113, 228, NULL),
(82, 114, 261, NULL),
(82, 116, 281, NULL),
(82, 117, 162, NULL),
(82, 119, 277, NULL),
(82, 89, 187, NULL),
(82, 90, 260, NULL),
(82, 121, 8, NULL),
(82, 122, 283, NULL),
(82, 123, 195, NULL),
(82, 147, 228, NULL),
(82, 162, 26, NULL),
(82, 154, 292, NULL),
(82, 155, 134, NULL),
(82, 156, 86, NULL),
(82, 81, 169, NULL),
(82, 164, 211, NULL),
(82, 165, 199, NULL),
(82, 166, 171, NULL),
(82, 158, 149, NULL),
(82, 159, 276, NULL),
(82, 160, 50, NULL),
(82, 161, 150, NULL),
(83, 91, 261, NULL),
(83, 95, 157, NULL),
(83, 100, 276, NULL),
(83, 101, 251, NULL),
(83, 102, 86, NULL),
(83, 104, 99, NULL),
(83, 105, 50, NULL),
(83, 107, 59, NULL),
(83, 108, 1, NULL),
(83, 109, 266, NULL),
(83, 112, 104, NULL),
(83, 113, 141, NULL),
(83, 114, 6, NULL),
(83, 116, 272, NULL),
(83, 117, 83, NULL),
(83, 119, 123, NULL),
(83, 89, 298, NULL),
(83, 90, 6, NULL),
(83, 121, 249, NULL),
(83, 122, 158, NULL),
(83, 123, 215, NULL),
(83, 147, 291, NULL),
(83, 162, 238, NULL),
(83, 154, 48, NULL),
(83, 155, 102, NULL),
(83, 156, 269, NULL),
(83, 81, 264, NULL),
(83, 164, 112, NULL),
(83, 165, 62, NULL),
(83, 166, 44, NULL),
(83, 158, 58, NULL),
(83, 159, 249, NULL),
(83, 160, 266, NULL),
(83, 161, 184, NULL),
(84, 91, 59, NULL),
(84, 95, 27, NULL),
(84, 100, 197, NULL),
(84, 101, 156, NULL),
(84, 102, 298, NULL),
(84, 104, 221, NULL),
(84, 105, 226, NULL),
(84, 107, 32, NULL),
(84, 108, 239, NULL),
(84, 109, 257, NULL),
(84, 112, 44, NULL),
(84, 113, 92, NULL),
(84, 114, 29, NULL),
(84, 116, 140, NULL),
(84, 117, 131, NULL),
(84, 119, 118, NULL),
(84, 89, 257, NULL),
(84, 90, 182, NULL),
(84, 121, 79, NULL),
(84, 122, 265, NULL),
(84, 123, 68, NULL),
(84, 147, 196, NULL),
(84, 162, 184, NULL),
(84, 154, 174, NULL),
(84, 155, 94, NULL),
(84, 156, 34, NULL),
(84, 81, 204, NULL),
(84, 164, 32, NULL),
(84, 165, 222, NULL),
(84, 166, 153, NULL),
(84, 158, 98, NULL),
(84, 159, 274, NULL),
(84, 160, 223, NULL),
(84, 161, 18, NULL),
(85, 91, 76, NULL),
(85, 95, 81, NULL),
(85, 100, 201, NULL),
(85, 101, 287, NULL),
(85, 102, 257, NULL),
(85, 104, 26, NULL),
(85, 105, 178, NULL),
(85, 107, 116, NULL),
(85, 108, 251, NULL),
(85, 109, 238, NULL),
(85, 112, 4, NULL),
(85, 113, 202, NULL),
(85, 114, 185, NULL),
(85, 116, 37, NULL),
(85, 117, 288, NULL),
(85, 119, 216, NULL),
(85, 89, 192, NULL),
(85, 90, 172, NULL),
(85, 121, 174, NULL),
(85, 122, 214, NULL),
(85, 123, 192, NULL),
(85, 147, 37, NULL),
(85, 162, 53, NULL),
(85, 154, 217, NULL),
(85, 155, 53, NULL),
(85, 156, 165, NULL),
(85, 81, 109, NULL),
(85, 164, 209, NULL),
(85, 165, 244, NULL),
(85, 166, 92, NULL),
(85, 158, 145, NULL),
(85, 159, 122, NULL),
(85, 160, 175, NULL),
(85, 161, 254, NULL),
(86, 91, 21, NULL),
(86, 95, 246, NULL),
(86, 100, 28, NULL),
(86, 101, 51, NULL),
(86, 102, 288, NULL),
(86, 104, 82, NULL),
(86, 105, 64, NULL),
(86, 107, 14, NULL),
(86, 108, 125, NULL),
(86, 109, 81, NULL),
(86, 112, 173, NULL),
(86, 113, 240, NULL),
(86, 114, 26, NULL),
(86, 116, 189, NULL),
(86, 117, 160, NULL),
(86, 119, 142, NULL),
(86, 89, 187, NULL),
(86, 90, 198, NULL),
(86, 121, 97, NULL),
(86, 122, 86, NULL),
(86, 123, 200, NULL),
(86, 147, 175, NULL),
(86, 162, 174, NULL),
(86, 154, 171, NULL),
(86, 155, 129, NULL),
(86, 156, 22, NULL),
(86, 81, 250, NULL),
(86, 164, 188, NULL),
(86, 165, 207, NULL),
(86, 166, 266, NULL),
(86, 158, 34, NULL),
(86, 159, 259, NULL),
(86, 160, 31, NULL),
(86, 161, 258, NULL),
(87, 91, 27, NULL),
(87, 95, 20, NULL),
(87, 100, 64, NULL),
(87, 101, 192, NULL),
(87, 102, 210, NULL),
(87, 104, 250, NULL),
(87, 105, 6, NULL),
(87, 107, 101, NULL),
(87, 108, 51, NULL),
(87, 109, 54, NULL),
(87, 112, 211, NULL),
(87, 113, 267, NULL),
(87, 114, 162, NULL),
(87, 116, 44, NULL),
(87, 117, 251, NULL),
(87, 119, 14, NULL),
(87, 89, 213, NULL),
(87, 90, 32, NULL),
(87, 121, 105, NULL),
(87, 122, 264, NULL),
(87, 123, 146, NULL),
(87, 147, 168, NULL),
(87, 162, 50, NULL),
(87, 154, 80, NULL),
(87, 155, 257, NULL),
(87, 156, 139, NULL),
(87, 81, 2, NULL),
(87, 164, 243, NULL),
(87, 165, 255, NULL),
(87, 166, 85, NULL),
(87, 158, 110, NULL),
(87, 159, 215, NULL),
(87, 160, 268, NULL),
(87, 161, 51, NULL),
(88, 91, 29, NULL),
(88, 95, 245, NULL),
(88, 100, 142, NULL),
(88, 101, 186, NULL),
(88, 102, 212, NULL),
(88, 104, 93, NULL),
(88, 105, 196, NULL),
(88, 107, 145, NULL),
(88, 108, 252, NULL),
(88, 109, 218, NULL),
(88, 112, 179, NULL),
(88, 113, 162, NULL),
(88, 114, 71, NULL),
(88, 116, 220, NULL),
(88, 117, 85, NULL),
(88, 119, 77, NULL),
(88, 89, 47, NULL),
(88, 90, 112, NULL),
(88, 121, 101, NULL),
(88, 122, 245, NULL),
(88, 123, 250, NULL),
(88, 147, 195, NULL),
(88, 162, 171, NULL),
(88, 154, 196, NULL),
(88, 155, 18, NULL),
(88, 156, 183, NULL),
(88, 81, 17, NULL),
(88, 164, 300, NULL),
(88, 165, 73, NULL),
(88, 166, 184, NULL),
(88, 158, 92, NULL),
(88, 159, 18, NULL),
(88, 160, 290, NULL),
(88, 161, 148, NULL),
(89, 91, 10, NULL),
(89, 95, 149, NULL),
(89, 100, 166, NULL),
(89, 101, 254, NULL),
(89, 102, 11, NULL),
(89, 104, 191, NULL),
(89, 105, 130, NULL),
(89, 107, 65, NULL),
(89, 108, 70, NULL),
(89, 109, 40, NULL),
(89, 112, 281, NULL),
(89, 113, 143, NULL),
(89, 114, 77, NULL),
(89, 116, 33, NULL),
(89, 117, 72, NULL),
(89, 119, 228, NULL),
(89, 89, 44, NULL),
(89, 90, 1, NULL),
(89, 121, 78, NULL),
(89, 122, 267, NULL),
(89, 123, 251, NULL),
(89, 147, 75, NULL),
(89, 162, 260, NULL),
(89, 154, 241, NULL),
(89, 155, 269, NULL),
(89, 156, 143, NULL),
(89, 81, 259, NULL),
(89, 164, 283, NULL),
(89, 165, 192, NULL),
(89, 166, 181, NULL),
(89, 158, 164, NULL),
(89, 159, 114, NULL),
(89, 160, 54, NULL),
(89, 161, 266, NULL),
(90, 91, 80, NULL),
(90, 95, 214, NULL),
(90, 100, 102, NULL),
(90, 101, 127, NULL),
(90, 102, 168, NULL),
(90, 104, 218, NULL),
(90, 105, 7, NULL),
(90, 107, 125, NULL),
(90, 108, 184, NULL),
(90, 109, 93, NULL),
(90, 112, 195, NULL),
(90, 113, 162, NULL),
(90, 114, 24, NULL),
(90, 116, 229, NULL),
(90, 117, 55, NULL),
(90, 119, 43, NULL),
(90, 89, 141, NULL),
(90, 90, 262, NULL),
(90, 121, 284, NULL),
(90, 122, 210, NULL),
(90, 123, 251, NULL),
(90, 147, 182, NULL),
(90, 162, 32, NULL),
(90, 154, 261, NULL),
(90, 155, 225, NULL),
(90, 156, 147, NULL),
(90, 81, 82, NULL),
(90, 164, 199, NULL),
(90, 165, 154, NULL),
(90, 166, 171, NULL),
(90, 158, 118, NULL),
(90, 159, 194, NULL),
(90, 160, 61, NULL),
(90, 161, 149, NULL),
(91, 91, 84, NULL),
(91, 95, 73, NULL),
(91, 100, 86, NULL),
(91, 101, 13, NULL),
(91, 102, 182, NULL),
(91, 104, 279, NULL),
(91, 105, 113, NULL),
(91, 107, 61, NULL),
(91, 108, 3, NULL),
(91, 109, 294, NULL),
(91, 112, 233, NULL),
(91, 113, 70, NULL),
(91, 114, 180, NULL),
(91, 116, 275, NULL),
(91, 117, 47, NULL),
(91, 119, 37, NULL),
(91, 89, 228, NULL),
(91, 90, 195, NULL),
(91, 121, 213, NULL),
(91, 122, 98, NULL),
(91, 123, 232, NULL),
(91, 147, 187, NULL),
(91, 162, 281, NULL),
(91, 154, 290, NULL),
(91, 155, 201, NULL),
(91, 156, 231, NULL),
(91, 81, 190, NULL),
(91, 164, 82, NULL),
(91, 165, 81, NULL),
(91, 166, 165, NULL),
(91, 158, 231, NULL),
(91, 159, 116, NULL),
(91, 160, 277, NULL),
(91, 161, 147, NULL),
(92, 91, 190, NULL),
(92, 95, 105, NULL),
(92, 100, 194, NULL),
(92, 101, 285, NULL),
(92, 102, 20, NULL),
(92, 104, 188, NULL),
(92, 105, 128, NULL),
(92, 107, 267, NULL),
(92, 108, 178, NULL),
(92, 109, 297, NULL),
(92, 112, 197, NULL),
(92, 113, 9, NULL),
(92, 114, 147, NULL),
(92, 116, 147, NULL),
(92, 117, 81, NULL),
(92, 119, 37, NULL),
(92, 89, 267, NULL),
(92, 90, 290, NULL),
(92, 121, 10, NULL),
(92, 122, 202, NULL),
(92, 123, 86, NULL),
(92, 147, 196, NULL),
(92, 162, 116, NULL),
(92, 154, 160, NULL),
(92, 155, 267, NULL),
(92, 156, 95, NULL),
(92, 81, 47, NULL),
(92, 164, 60, NULL),
(92, 165, 70, NULL),
(92, 166, 96, NULL),
(92, 158, 41, NULL),
(92, 159, 167, NULL),
(92, 160, 214, NULL),
(92, 161, 4, NULL),
(93, 91, 113, NULL),
(93, 95, 60, NULL),
(93, 100, 9, NULL),
(93, 101, 102, NULL),
(93, 102, 60, NULL),
(93, 104, 156, NULL),
(93, 105, 276, NULL),
(93, 107, 173, NULL),
(93, 108, 291, NULL),
(93, 109, 230, NULL),
(93, 112, 197, NULL),
(93, 113, 157, NULL),
(93, 114, 173, NULL),
(93, 116, 166, NULL),
(93, 117, 285, NULL),
(93, 119, 268, NULL),
(93, 89, 117, NULL),
(93, 90, 297, NULL),
(93, 121, 154, NULL),
(93, 122, 269, NULL),
(93, 123, 255, NULL),
(93, 147, 74, NULL),
(93, 162, 208, NULL),
(93, 154, 258, NULL),
(93, 155, 115, NULL),
(93, 156, 93, NULL),
(93, 81, 232, NULL),
(93, 164, 216, NULL),
(93, 165, 270, NULL),
(93, 166, 96, NULL),
(93, 158, 254, NULL),
(93, 159, 83, NULL),
(93, 160, 111, NULL),
(93, 161, 22, NULL),
(94, 91, 116, NULL),
(94, 95, 218, NULL),
(94, 100, 164, NULL),
(94, 101, 40, NULL),
(94, 102, 245, NULL),
(94, 104, 225, NULL),
(94, 105, 61, NULL),
(94, 107, 33, NULL),
(94, 108, 65, NULL),
(94, 109, 129, NULL),
(94, 112, 107, NULL),
(94, 113, 35, NULL),
(94, 114, 54, NULL),
(94, 116, 87, NULL),
(94, 117, 186, NULL),
(94, 119, 286, NULL),
(94, 89, 162, NULL),
(94, 90, 32, NULL),
(94, 121, 251, NULL),
(94, 122, 290, NULL),
(94, 123, 24, NULL),
(94, 147, 91, NULL),
(94, 162, 164, NULL),
(94, 154, 218, NULL),
(94, 155, 229, NULL),
(94, 156, 34, NULL),
(94, 81, 295, NULL),
(94, 164, 113, NULL),
(94, 165, 12, NULL),
(94, 166, 37, NULL),
(94, 158, 68, NULL),
(94, 159, 33, NULL),
(94, 160, 15, NULL),
(94, 161, 189, NULL),
(95, 91, 201, NULL),
(95, 95, 10, NULL),
(95, 100, 275, NULL),
(95, 101, 118, NULL),
(95, 102, 104, NULL),
(95, 104, 264, NULL),
(95, 105, 213, NULL),
(95, 107, 243, NULL),
(95, 108, 68, NULL),
(95, 109, 179, NULL),
(95, 112, 200, NULL),
(95, 113, 43, NULL),
(95, 114, 174, NULL),
(95, 116, 11, NULL),
(95, 117, 270, NULL),
(95, 119, 191, NULL),
(95, 89, 93, NULL),
(95, 90, 24, NULL),
(95, 121, 147, NULL),
(95, 122, 201, NULL),
(95, 123, 231, NULL),
(95, 147, 175, NULL),
(95, 162, 68, NULL),
(95, 154, 241, NULL),
(95, 155, 289, NULL),
(95, 156, 25, NULL),
(95, 81, 81, NULL),
(95, 164, 120, NULL),
(95, 165, 28, NULL),
(95, 166, 246, NULL),
(95, 158, 142, NULL),
(95, 159, 164, NULL),
(95, 160, 95, NULL),
(95, 161, 242, NULL),
(96, 91, 291, NULL),
(96, 95, 54, NULL),
(96, 100, 48, NULL),
(96, 101, 185, NULL),
(96, 102, 20, NULL),
(96, 104, 37, NULL),
(96, 105, 285, NULL),
(96, 107, 42, NULL),
(96, 108, 160, NULL),
(96, 109, 288, NULL),
(96, 112, 153, NULL),
(96, 113, 140, NULL),
(96, 114, 18, NULL),
(96, 116, 39, NULL),
(96, 117, 100, NULL),
(96, 119, 297, NULL),
(96, 89, 230, NULL),
(96, 90, 87, NULL),
(96, 121, 241, NULL),
(96, 122, 15, NULL),
(96, 123, 114, NULL),
(96, 147, 186, NULL),
(96, 162, 2, NULL),
(96, 154, 5, NULL),
(96, 155, 225, NULL),
(96, 156, 249, NULL),
(96, 81, 294, NULL),
(96, 164, 55, NULL),
(96, 165, 173, NULL),
(96, 166, 8, NULL),
(96, 158, 34, NULL),
(96, 159, 10, NULL),
(96, 160, 238, NULL),
(96, 161, 288, NULL),
(97, 91, 98, NULL),
(97, 95, 136, NULL),
(97, 100, 11, NULL),
(97, 101, 183, NULL),
(97, 102, 129, NULL),
(97, 104, 144, NULL),
(97, 105, 66, NULL),
(97, 107, 126, NULL),
(97, 108, 62, NULL),
(97, 109, 38, NULL),
(97, 112, 172, NULL),
(97, 113, 26, NULL),
(97, 114, 80, NULL),
(97, 116, 138, NULL),
(97, 117, 82, NULL),
(97, 119, 182, NULL),
(97, 89, 22, NULL),
(97, 90, 185, NULL),
(97, 121, 138, NULL),
(97, 122, 227, NULL),
(97, 123, 269, NULL),
(97, 147, 211, NULL),
(97, 162, 170, NULL),
(97, 154, 14, NULL),
(97, 155, 167, NULL),
(97, 156, 64, NULL),
(97, 81, 124, NULL),
(97, 164, 240, NULL),
(97, 165, 49, NULL),
(97, 166, 100, NULL),
(97, 158, 73, NULL),
(97, 159, 117, NULL),
(97, 160, 94, NULL),
(97, 161, 115, NULL),
(98, 91, 110, NULL),
(98, 95, 81, NULL),
(98, 100, 256, NULL),
(98, 101, 26, NULL),
(98, 102, 201, NULL),
(98, 104, 175, NULL),
(98, 105, 176, NULL),
(98, 107, 54, NULL),
(98, 108, 9, NULL),
(98, 109, 50, NULL),
(98, 112, 218, NULL),
(98, 113, 196, NULL),
(98, 114, 72, NULL),
(98, 116, 158, NULL),
(98, 117, 143, NULL),
(98, 119, 128, NULL),
(98, 89, 14, NULL),
(98, 90, 43, NULL),
(98, 121, 234, NULL),
(98, 122, 57, NULL),
(98, 123, 95, NULL),
(98, 147, 176, NULL),
(98, 162, 44, NULL),
(98, 154, 11, NULL),
(98, 155, 176, NULL),
(98, 156, 270, NULL),
(98, 81, 133, NULL),
(98, 164, 135, NULL),
(98, 165, 8, NULL),
(98, 166, 275, NULL),
(98, 158, 250, NULL),
(98, 159, 250, NULL),
(98, 160, 263, NULL),
(98, 161, 111, NULL),
(99, 91, 159, NULL),
(99, 95, 114, NULL),
(99, 100, 294, NULL),
(99, 101, 204, NULL),
(99, 102, 134, NULL),
(99, 104, 232, NULL),
(99, 105, 69, NULL),
(99, 107, 124, NULL),
(99, 108, 161, NULL),
(99, 109, 54, NULL),
(99, 112, 5, NULL),
(99, 113, 281, NULL),
(99, 114, 91, NULL),
(99, 116, 219, NULL),
(99, 117, 25, NULL),
(99, 119, 9, NULL),
(99, 89, 84, NULL),
(99, 90, 53, NULL),
(99, 121, 210, NULL),
(99, 122, 113, NULL),
(99, 123, 34, NULL),
(99, 147, 224, NULL),
(99, 162, 286, NULL),
(99, 154, 228, NULL),
(99, 155, 183, NULL),
(99, 156, 298, NULL),
(99, 81, 157, NULL),
(99, 164, 197, NULL),
(99, 165, 298, NULL),
(99, 166, 142, NULL),
(99, 158, 76, NULL),
(99, 159, 133, NULL),
(99, 160, 189, NULL),
(99, 161, 255, NULL),
(100, 91, 149, NULL),
(100, 95, 48, NULL),
(100, 100, 133, NULL),
(100, 101, 191, NULL),
(100, 102, 92, NULL),
(100, 104, 267, NULL),
(100, 105, 204, NULL),
(100, 107, 77, NULL),
(100, 108, 174, NULL),
(100, 109, 186, NULL),
(100, 112, 186, NULL),
(100, 113, 16, NULL),
(100, 114, 265, NULL),
(100, 116, 18, NULL),
(100, 117, 105, NULL),
(100, 119, 65, NULL),
(100, 89, 18, NULL),
(100, 90, 148, NULL),
(100, 121, 21, NULL),
(100, 122, 175, NULL),
(100, 123, 1, NULL),
(100, 147, 240, NULL),
(100, 162, 50, NULL),
(100, 154, 222, NULL),
(100, 155, 104, NULL),
(100, 156, 239, NULL),
(100, 81, 294, NULL),
(100, 164, 9, NULL),
(100, 165, 78, NULL),
(100, 166, 177, NULL),
(100, 158, 65, NULL),
(100, 159, 172, NULL),
(100, 160, 140, NULL),
(100, 161, 12, NULL),
(101, 91, 190, NULL),
(101, 95, 106, NULL),
(101, 100, 20, NULL),
(101, 101, 23, NULL),
(101, 102, 273, NULL),
(101, 104, 12, NULL),
(101, 105, 202, NULL),
(101, 107, 25, NULL),
(101, 108, 290, NULL),
(101, 109, 149, NULL),
(101, 112, 98, NULL),
(101, 113, 122, NULL),
(101, 114, 121, NULL),
(101, 116, 276, NULL),
(101, 117, 219, NULL),
(101, 119, 175, NULL),
(101, 89, 36, NULL),
(101, 90, 194, NULL),
(101, 121, 216, NULL),
(101, 122, 117, NULL),
(101, 123, 80, NULL),
(101, 147, 274, NULL),
(101, 162, 282, NULL),
(101, 154, 155, NULL),
(101, 155, 176, NULL),
(101, 156, 97, NULL),
(101, 81, 297, NULL),
(101, 164, 249, NULL),
(101, 165, 45, NULL),
(101, 166, 4, NULL),
(101, 158, 230, NULL),
(101, 159, 294, NULL),
(101, 160, 240, NULL),
(101, 161, 287, NULL),
(102, 91, 132, NULL),
(102, 95, 96, NULL),
(102, 100, 50, NULL),
(102, 101, 136, NULL),
(102, 102, 295, NULL),
(102, 104, 189, NULL),
(102, 105, 23, NULL),
(102, 107, 199, NULL),
(102, 108, 133, NULL),
(102, 109, 245, NULL),
(102, 112, 278, NULL),
(102, 113, 247, NULL),
(102, 114, 111, NULL),
(102, 116, 227, NULL),
(102, 117, 180, NULL),
(102, 119, 287, NULL),
(102, 89, 71, NULL),
(102, 90, 276, NULL),
(102, 121, 69, NULL),
(102, 122, 51, NULL),
(102, 123, 143, NULL),
(102, 147, 226, NULL),
(102, 162, 59, NULL),
(102, 154, 127, NULL),
(102, 155, 113, NULL),
(102, 156, 230, NULL),
(102, 81, 10, NULL),
(102, 164, 220, NULL),
(102, 165, 248, NULL),
(102, 166, 127, NULL),
(102, 158, 256, NULL),
(102, 159, 29, NULL),
(102, 160, 68, NULL),
(102, 161, 291, NULL),
(103, 91, 124, NULL),
(103, 95, 178, NULL),
(103, 100, 172, NULL),
(103, 101, 76, NULL),
(103, 102, 221, NULL),
(103, 104, 263, NULL),
(103, 105, 190, NULL),
(103, 107, 283, NULL),
(103, 108, 42, NULL),
(103, 109, 127, NULL),
(103, 112, 205, NULL),
(103, 113, 49, NULL),
(103, 114, 136, NULL),
(103, 116, 33, NULL),
(103, 117, 299, NULL),
(103, 119, 6, NULL),
(103, 89, 184, NULL),
(103, 90, 76, NULL),
(103, 121, 143, NULL),
(103, 122, 202, NULL),
(103, 123, 141, NULL),
(103, 147, 249, NULL),
(103, 162, 69, NULL),
(103, 154, 5, NULL),
(103, 155, 180, NULL),
(103, 156, 23, NULL),
(103, 81, 1, NULL),
(103, 164, 265, NULL),
(103, 165, 189, NULL),
(103, 166, 82, NULL),
(103, 158, 23, NULL),
(103, 159, 71, NULL),
(103, 160, 112, NULL),
(103, 161, 138, NULL),
(104, 91, 131, NULL),
(104, 95, 186, NULL),
(104, 100, 275, NULL),
(104, 101, 16, NULL),
(104, 102, 294, NULL),
(104, 104, 68, NULL),
(104, 105, 211, NULL),
(104, 107, 146, NULL),
(104, 108, 136, NULL),
(104, 109, 1, NULL),
(104, 112, 62, NULL),
(104, 113, 206, NULL),
(104, 114, 227, NULL),
(104, 116, 208, NULL),
(104, 117, 216, NULL),
(104, 119, 181, NULL),
(104, 89, 157, NULL),
(104, 90, 41, NULL),
(104, 121, 209, NULL),
(104, 122, 279, NULL),
(104, 123, 171, NULL),
(104, 147, 124, NULL),
(104, 162, 139, NULL),
(104, 154, 197, NULL),
(104, 155, 236, NULL),
(104, 156, 76, NULL),
(104, 81, 294, NULL),
(104, 164, 82, NULL),
(104, 165, 119, NULL),
(104, 166, 48, NULL),
(104, 158, 61, NULL),
(104, 159, 186, NULL),
(104, 160, 201, NULL),
(104, 161, 104, NULL),
(105, 91, 248, NULL),
(105, 95, 114, NULL),
(105, 100, 112, NULL),
(105, 101, 287, NULL),
(105, 102, 155, NULL),
(105, 104, 18, NULL),
(105, 105, 148, NULL),
(105, 107, 197, NULL),
(105, 108, 55, NULL),
(105, 109, 147, NULL),
(105, 112, 117, NULL),
(105, 113, 19, NULL),
(105, 114, 154, NULL),
(105, 116, 38, NULL),
(105, 117, 259, NULL),
(105, 119, 201, NULL),
(105, 89, 140, NULL),
(105, 90, 271, NULL),
(105, 121, 36, NULL),
(105, 122, 45, NULL),
(105, 123, 46, NULL),
(105, 147, 123, NULL),
(105, 162, 280, NULL),
(105, 154, 14, NULL),
(105, 155, 208, NULL),
(105, 156, 204, NULL),
(105, 81, 44, NULL),
(105, 164, 230, NULL),
(105, 165, 296, NULL),
(105, 166, 194, NULL),
(105, 158, 171, NULL),
(105, 159, 36, NULL),
(105, 160, 94, NULL),
(105, 161, 148, NULL),
(106, 91, 13, NULL),
(106, 95, 68, NULL),
(106, 100, 99, NULL),
(106, 101, 224, NULL),
(106, 102, 214, NULL),
(106, 104, 154, NULL),
(106, 105, 265, NULL),
(106, 107, 44, NULL),
(106, 108, 6, NULL),
(106, 109, 104, NULL),
(106, 112, 280, NULL),
(106, 113, 267, NULL),
(106, 114, 187, NULL),
(106, 116, 10, NULL),
(106, 117, 71, NULL),
(106, 119, 1, NULL),
(106, 89, 102, NULL),
(106, 90, 77, NULL),
(106, 121, 37, NULL),
(106, 122, 115, NULL),
(106, 123, 267, NULL),
(106, 147, 151, NULL),
(106, 162, 253, NULL),
(106, 154, 100, NULL),
(106, 155, 25, NULL),
(106, 156, 62, NULL),
(106, 81, 106, NULL),
(106, 164, 81, NULL),
(106, 165, 77, NULL),
(106, 166, 257, NULL),
(106, 158, 263, NULL),
(106, 159, 112, NULL),
(106, 160, 202, NULL),
(106, 161, 52, NULL),
(107, 91, 258, NULL),
(107, 95, 89, NULL),
(107, 100, 184, NULL),
(107, 101, 77, NULL),
(107, 102, 87, NULL),
(107, 104, 217, NULL),
(107, 105, 229, NULL),
(107, 107, 7, NULL),
(107, 108, 224, NULL),
(107, 109, 201, NULL),
(107, 112, 30, NULL),
(107, 113, 234, NULL),
(107, 114, 160, NULL),
(107, 116, 48, NULL),
(107, 117, 207, NULL),
(107, 119, 33, NULL),
(107, 89, 40, NULL),
(107, 90, 10, NULL),
(107, 121, 282, NULL),
(107, 122, 277, NULL),
(107, 123, 77, NULL),
(107, 147, 237, NULL),
(107, 162, 230, NULL),
(107, 154, 37, NULL),
(107, 155, 155, NULL),
(107, 156, 25, NULL),
(107, 81, 110, NULL),
(107, 164, 66, NULL),
(107, 165, 226, NULL),
(107, 166, 278, NULL),
(107, 158, 247, NULL),
(107, 159, 55, NULL),
(107, 160, 265, NULL),
(107, 161, 106, NULL),
(108, 91, 5, NULL),
(108, 95, 162, NULL),
(108, 100, 152, NULL),
(108, 101, 14, NULL),
(108, 102, 84, NULL),
(108, 104, 235, NULL),
(108, 105, 260, NULL),
(108, 107, 124, NULL),
(108, 108, 251, NULL),
(108, 109, 24, NULL),
(108, 112, 37, NULL),
(108, 113, 138, NULL),
(108, 114, 16, NULL),
(108, 116, 282, NULL),
(108, 117, 11, NULL),
(108, 119, 165, NULL),
(108, 89, 143, NULL),
(108, 90, 207, NULL),
(108, 121, 100, NULL),
(108, 122, 190, NULL),
(108, 123, 248, NULL),
(108, 147, 102, NULL),
(108, 162, 185, NULL),
(108, 154, 26, NULL),
(108, 155, 141, NULL),
(108, 156, 221, NULL),
(108, 81, 81, NULL),
(108, 164, 39, NULL),
(108, 165, 24, NULL),
(108, 166, 223, NULL),
(108, 158, 160, NULL),
(108, 159, 292, NULL),
(108, 160, 120, NULL),
(108, 161, 176, NULL),
(109, 91, 209, NULL),
(109, 95, 120, NULL),
(109, 100, 110, NULL),
(109, 101, 157, NULL),
(109, 102, 83, NULL),
(109, 104, 8, NULL),
(109, 105, 205, NULL),
(109, 107, 132, NULL),
(109, 108, 130, NULL),
(109, 109, 162, NULL),
(109, 112, 277, NULL),
(109, 113, 132, NULL),
(109, 114, 255, NULL),
(109, 116, 40, NULL),
(109, 117, 33, NULL),
(109, 119, 47, NULL),
(109, 89, 122, NULL),
(109, 90, 239, NULL),
(109, 121, 291, NULL),
(109, 122, 167, NULL),
(109, 123, 211, NULL),
(109, 147, 288, NULL),
(109, 162, 117, NULL),
(109, 154, 106, NULL),
(109, 155, 277, NULL),
(109, 156, 258, NULL),
(109, 81, 244, NULL),
(109, 164, 285, NULL),
(109, 165, 158, NULL),
(109, 166, 46, NULL),
(109, 158, 138, NULL),
(109, 159, 222, NULL),
(109, 160, 27, NULL),
(109, 161, 281, NULL),
(110, 91, 56, NULL),
(110, 95, 183, NULL),
(110, 100, 80, NULL),
(110, 101, 104, NULL),
(110, 102, 228, NULL),
(110, 104, 120, NULL),
(110, 105, 121, NULL),
(110, 107, 25, NULL),
(110, 108, 113, NULL),
(110, 109, 284, NULL),
(110, 112, 159, NULL),
(110, 113, 212, NULL),
(110, 114, 93, NULL),
(110, 116, 183, NULL),
(110, 117, 83, NULL),
(110, 119, 231, NULL),
(110, 89, 118, NULL),
(110, 90, 94, NULL),
(110, 121, 168, NULL),
(110, 122, 228, NULL),
(110, 123, 254, NULL),
(110, 147, 41, NULL),
(110, 162, 115, NULL),
(110, 154, 100, NULL),
(110, 155, 132, NULL),
(110, 156, 275, NULL),
(110, 81, 180, NULL),
(110, 164, 188, NULL),
(110, 165, 277, NULL),
(110, 166, 77, NULL),
(110, 158, 91, NULL),
(110, 159, 72, NULL),
(110, 160, 7, NULL),
(110, 161, 131, NULL),
(111, 91, 219, NULL),
(111, 95, 209, NULL),
(111, 100, 142, NULL),
(111, 101, 132, NULL),
(111, 102, 98, NULL),
(111, 104, 261, NULL),
(111, 105, 203, NULL),
(111, 107, 104, NULL),
(111, 108, 236, NULL),
(111, 109, 238, NULL),
(111, 112, 19, NULL),
(111, 113, 226, NULL),
(111, 114, 286, NULL),
(111, 116, 289, NULL),
(111, 117, 125, NULL),
(111, 119, 182, NULL),
(111, 89, 264, NULL),
(111, 90, 53, NULL),
(111, 121, 162, NULL),
(111, 122, 75, NULL),
(111, 123, 239, NULL),
(111, 147, 131, NULL),
(111, 162, 37, NULL),
(111, 154, 293, NULL),
(111, 155, 61, NULL),
(111, 156, 245, NULL),
(111, 81, 270, NULL),
(111, 164, 20, NULL),
(111, 165, 183, NULL),
(111, 166, 209, NULL),
(111, 158, 156, NULL),
(111, 159, 49, NULL),
(111, 160, 61, NULL),
(111, 161, 213, NULL),
(112, 91, 26, NULL),
(112, 95, 38, NULL),
(112, 100, 180, NULL),
(112, 101, 228, NULL),
(112, 102, 215, NULL),
(112, 104, 101, NULL),
(112, 105, 239, NULL),
(112, 107, 4, NULL),
(112, 108, 148, NULL),
(112, 109, 287, NULL),
(112, 112, 169, NULL),
(112, 113, 169, NULL),
(112, 114, 247, NULL),
(112, 116, 120, NULL),
(112, 117, 202, NULL),
(112, 119, 181, NULL),
(112, 89, 228, NULL),
(112, 90, 1, NULL),
(112, 121, 117, NULL),
(112, 122, 158, NULL),
(112, 123, 232, NULL),
(112, 147, 236, NULL),
(112, 162, 245, NULL),
(112, 154, 291, NULL),
(112, 155, 84, NULL),
(112, 156, 66, NULL),
(112, 81, 86, NULL),
(112, 164, 214, NULL),
(112, 165, 31, NULL),
(112, 166, 210, NULL),
(112, 158, 174, NULL),
(112, 159, 292, NULL),
(112, 160, 234, NULL),
(112, 161, 82, NULL),
(113, 91, 49, NULL),
(113, 95, 265, NULL),
(113, 100, 223, NULL),
(113, 101, 44, NULL),
(113, 102, 274, NULL),
(113, 104, 300, NULL),
(113, 105, 180, NULL),
(113, 107, 30, NULL),
(113, 108, 162, NULL),
(113, 109, 220, NULL),
(113, 112, 286, NULL),
(113, 113, 296, NULL),
(113, 114, 204, NULL),
(113, 116, 168, NULL),
(113, 117, 94, NULL),
(113, 119, 297, NULL),
(113, 89, 269, NULL),
(113, 90, 245, NULL),
(113, 121, 143, NULL),
(113, 122, 217, NULL),
(113, 123, 246, NULL),
(113, 147, 150, NULL),
(113, 162, 231, NULL),
(113, 154, 217, NULL),
(113, 155, 190, NULL),
(113, 156, 139, NULL),
(113, 81, 20, NULL),
(113, 164, 174, NULL),
(113, 165, 59, NULL),
(113, 166, 14, NULL),
(113, 158, 169, NULL),
(113, 159, 188, NULL),
(113, 160, 45, NULL),
(113, 161, 187, NULL),
(114, 91, 100, NULL),
(114, 95, 298, NULL),
(114, 100, 284, NULL),
(114, 101, 12, NULL),
(114, 102, 63, NULL),
(114, 104, 166, NULL),
(114, 105, 140, NULL),
(114, 107, 249, NULL),
(114, 108, 5, NULL),
(114, 109, 67, NULL),
(114, 112, 80, NULL),
(114, 113, 40, NULL),
(114, 114, 78, NULL),
(114, 116, 134, NULL),
(114, 117, 61, NULL),
(114, 119, 227, NULL),
(114, 89, 63, NULL),
(114, 90, 244, NULL),
(114, 121, 110, NULL),
(114, 122, 46, NULL),
(114, 123, 115, NULL),
(114, 147, 42, NULL),
(114, 162, 85, NULL),
(114, 154, 218, NULL),
(114, 155, 76, NULL),
(114, 156, 107, NULL),
(114, 81, 124, NULL),
(114, 164, 253, NULL),
(114, 165, 155, NULL),
(114, 166, 279, NULL),
(114, 158, 25, NULL),
(114, 159, 278, NULL),
(114, 160, 209, NULL),
(114, 161, 65, NULL),
(115, 91, 245, NULL),
(115, 95, 18, NULL),
(115, 100, 243, NULL),
(115, 101, 180, NULL),
(115, 102, 113, NULL),
(115, 104, 238, NULL),
(115, 105, 150, NULL),
(115, 107, 257, NULL),
(115, 108, 234, NULL),
(115, 109, 293, NULL),
(115, 112, 252, NULL),
(115, 113, 249, NULL),
(115, 114, 213, NULL),
(115, 116, 279, NULL),
(115, 117, 164, NULL),
(115, 119, 6, NULL),
(115, 89, 33, NULL),
(115, 90, 291, NULL),
(115, 121, 186, NULL),
(115, 122, 246, NULL),
(115, 123, 271, NULL),
(115, 147, 157, NULL),
(115, 162, 272, NULL),
(115, 154, 250, NULL),
(115, 155, 255, NULL),
(115, 156, 131, NULL),
(115, 81, 278, NULL),
(115, 164, 98, NULL),
(115, 165, 82, NULL),
(115, 166, 58, NULL),
(115, 158, 200, NULL),
(115, 159, 157, NULL),
(115, 160, 51, NULL),
(115, 161, 190, NULL),
(116, 91, 221, NULL),
(116, 95, 151, NULL),
(116, 100, 41, NULL),
(116, 101, 12, NULL),
(116, 102, 124, NULL),
(116, 104, 117, NULL),
(116, 105, 106, NULL),
(116, 107, 204, NULL),
(116, 108, 300, NULL),
(116, 109, 204, NULL),
(116, 112, 45, NULL),
(116, 113, 253, NULL),
(116, 114, 37, NULL),
(116, 116, 71, NULL),
(116, 117, 95, NULL),
(116, 119, 15, NULL),
(116, 89, 285, NULL),
(116, 90, 34, NULL),
(116, 121, 88, NULL),
(116, 122, 156, NULL),
(116, 123, 229, NULL),
(116, 147, 171, NULL),
(116, 162, 193, NULL),
(116, 154, 176, NULL),
(116, 155, 189, NULL),
(116, 156, 9, NULL),
(116, 81, 175, NULL),
(116, 164, 126, NULL),
(116, 165, 279, NULL),
(116, 166, 75, NULL),
(116, 158, 143, NULL),
(116, 159, 23, NULL),
(116, 160, 239, NULL),
(116, 161, 200, NULL),
(117, 91, 279, NULL),
(117, 95, 152, NULL),
(117, 100, 103, NULL),
(117, 101, 73, NULL),
(117, 102, 243, NULL),
(117, 104, 293, NULL),
(117, 105, 280, NULL),
(117, 107, 240, NULL),
(117, 108, 149, NULL),
(117, 109, 190, NULL),
(117, 112, 76, NULL),
(117, 113, 279, NULL),
(117, 114, 235, NULL),
(117, 116, 126, NULL),
(117, 117, 292, NULL),
(117, 119, 224, NULL),
(117, 89, 117, NULL),
(117, 90, 297, NULL),
(117, 121, 271, NULL),
(117, 122, 200, NULL),
(117, 123, 170, NULL),
(117, 147, 153, NULL),
(117, 162, 25, NULL),
(117, 154, 279, NULL),
(117, 155, 197, NULL),
(117, 156, 255, NULL),
(117, 81, 37, NULL),
(117, 164, 238, NULL),
(117, 165, 38, NULL),
(117, 166, 31, NULL),
(117, 158, 33, NULL),
(117, 159, 180, NULL),
(117, 160, 286, NULL),
(117, 161, 75, NULL),
(118, 91, 206, NULL),
(118, 95, 179, NULL),
(118, 100, 95, NULL),
(118, 101, 227, NULL),
(118, 102, 284, NULL),
(118, 104, 195, NULL),
(118, 105, 237, NULL),
(118, 107, 248, NULL),
(118, 108, 58, NULL),
(118, 109, 237, NULL),
(118, 112, 220, NULL),
(118, 113, 78, NULL),
(118, 114, 159, NULL),
(118, 116, 187, NULL),
(118, 117, 258, NULL),
(118, 119, 118, NULL),
(118, 89, 100, NULL),
(118, 90, 264, NULL),
(118, 121, 251, NULL),
(118, 122, 255, NULL),
(118, 123, 66, NULL),
(118, 147, 162, NULL),
(118, 162, 3, NULL),
(118, 154, 135, NULL),
(118, 155, 8, NULL),
(118, 156, 292, NULL),
(118, 81, 103, NULL),
(118, 164, 110, NULL),
(118, 165, 134, NULL),
(118, 166, 69, NULL),
(118, 158, 255, NULL),
(118, 159, 126, NULL),
(118, 160, 118, NULL),
(118, 161, 247, NULL),
(119, 91, 28, NULL),
(119, 95, 102, NULL),
(119, 100, 264, NULL),
(119, 101, 200, NULL),
(119, 102, 51, NULL),
(119, 104, 233, NULL),
(119, 105, 113, NULL),
(119, 107, 45, NULL),
(119, 108, 225, NULL),
(119, 109, 223, NULL),
(119, 112, 178, NULL),
(119, 113, 272, NULL),
(119, 114, 239, NULL),
(119, 116, 257, NULL),
(119, 117, 131, NULL),
(119, 119, 118, NULL),
(119, 89, 202, NULL),
(119, 90, 22, NULL),
(119, 121, 131, NULL),
(119, 122, 200, NULL),
(119, 123, 101, NULL),
(119, 147, 206, NULL),
(119, 162, 139, NULL),
(119, 154, 279, NULL),
(119, 155, 60, NULL),
(119, 156, 33, NULL),
(119, 81, 270, NULL),
(119, 164, 295, NULL),
(119, 165, 216, NULL),
(119, 166, 281, NULL),
(119, 158, 33, NULL),
(119, 159, 295, NULL),
(119, 160, 264, NULL),
(119, 161, 79, NULL),
(120, 91, 185, NULL),
(120, 95, 22, NULL),
(120, 100, 209, NULL),
(120, 101, 84, NULL),
(120, 102, 257, NULL),
(120, 104, 11, NULL),
(120, 105, 92, NULL),
(120, 107, 237, NULL),
(120, 108, 144, NULL),
(120, 109, 157, NULL),
(120, 112, 100, NULL),
(120, 113, 5, NULL),
(120, 114, 121, NULL),
(120, 116, 2, NULL),
(120, 117, 67, NULL),
(120, 119, 44, NULL),
(120, 89, 125, NULL),
(120, 90, 232, NULL),
(120, 121, 154, NULL),
(120, 122, 159, NULL),
(120, 123, 202, NULL),
(120, 147, 256, NULL),
(120, 162, 267, NULL),
(120, 154, 12, NULL),
(120, 155, 23, NULL),
(120, 156, 2, NULL),
(120, 81, 48, NULL),
(120, 164, 96, NULL),
(120, 165, 185, NULL),
(120, 166, 199, NULL),
(120, 158, 205, NULL),
(120, 159, 133, NULL),
(120, 160, 132, NULL),
(120, 161, 211, NULL),
(121, 91, 227, NULL),
(121, 95, 145, NULL),
(121, 100, 34, NULL),
(121, 101, 104, NULL),
(121, 102, 109, NULL),
(121, 104, 56, NULL),
(121, 105, 55, NULL),
(121, 107, 3, NULL),
(121, 108, 198, NULL),
(121, 109, 92, NULL),
(121, 112, 99, NULL),
(121, 113, 182, NULL),
(121, 114, 191, NULL),
(121, 116, 119, NULL),
(121, 117, 269, NULL),
(121, 119, 190, NULL),
(121, 89, 12, NULL),
(121, 90, 63, NULL),
(121, 121, 52, NULL),
(121, 122, 68, NULL),
(121, 123, 281, NULL),
(121, 147, 175, NULL),
(121, 162, 280, NULL),
(121, 154, 110, NULL),
(121, 155, 128, NULL),
(121, 156, 126, NULL),
(121, 81, 273, NULL),
(121, 164, 271, NULL),
(121, 165, 88, NULL),
(121, 166, 69, NULL),
(121, 158, 105, NULL),
(121, 159, 233, NULL),
(121, 160, 174, NULL),
(121, 161, 1, NULL),
(122, 91, 23, NULL),
(122, 95, 31, NULL),
(122, 100, 210, NULL),
(122, 101, 7, NULL),
(122, 102, 182, NULL),
(122, 104, 195, NULL),
(122, 105, 136, NULL),
(122, 107, 21, NULL),
(122, 108, 230, NULL),
(122, 109, 167, NULL),
(122, 112, 226, NULL),
(122, 113, 61, NULL),
(122, 114, 223, NULL),
(122, 116, 136, NULL),
(122, 117, 87, NULL),
(122, 119, 189, NULL),
(122, 89, 291, NULL),
(122, 90, 265, NULL),
(122, 121, 179, NULL),
(122, 122, 172, NULL),
(122, 123, 195, NULL),
(122, 147, 136, NULL),
(122, 162, 166, NULL),
(122, 154, 124, NULL),
(122, 155, 110, NULL),
(122, 156, 289, NULL),
(122, 81, 256, NULL),
(122, 164, 6, NULL),
(122, 165, 275, NULL),
(122, 166, 40, NULL),
(122, 158, 20, NULL),
(122, 159, 20, NULL),
(122, 160, 104, NULL),
(122, 161, 6, NULL),
(123, 91, 102, NULL),
(123, 95, 88, NULL),
(123, 100, 55, NULL),
(123, 101, 90, NULL),
(123, 102, 87, NULL),
(123, 104, 151, NULL),
(123, 105, 140, NULL),
(123, 107, 293, NULL),
(123, 108, 131, NULL),
(123, 109, 110, NULL),
(123, 112, 158, NULL),
(123, 113, 88, NULL),
(123, 114, 115, NULL),
(123, 116, 267, NULL),
(123, 117, 47, NULL),
(123, 119, 114, NULL),
(123, 89, 191, NULL),
(123, 90, 72, NULL),
(123, 121, 17, NULL),
(123, 122, 131, NULL),
(123, 123, 230, NULL),
(123, 147, 60, NULL),
(123, 162, 170, NULL),
(123, 154, 223, NULL),
(123, 155, 68, NULL),
(123, 156, 246, NULL),
(123, 81, 238, NULL),
(123, 164, 215, NULL),
(123, 165, 278, NULL),
(123, 166, 190, NULL),
(123, 158, 247, NULL),
(123, 159, 105, NULL),
(123, 160, 285, NULL),
(123, 161, 7, NULL),
(124, 91, 230, NULL),
(124, 95, 193, NULL),
(124, 100, 280, NULL),
(124, 101, 198, NULL),
(124, 102, 240, NULL),
(124, 104, 186, NULL),
(124, 105, 209, NULL),
(124, 107, 119, NULL),
(124, 108, 246, NULL),
(124, 109, 245, NULL),
(124, 112, 202, NULL),
(124, 113, 16, NULL),
(124, 114, 241, NULL),
(124, 116, 50, NULL),
(124, 117, 145, NULL),
(124, 119, 159, NULL),
(124, 89, 125, NULL),
(124, 90, 122, NULL),
(124, 121, 104, NULL),
(124, 122, 246, NULL),
(124, 123, 29, NULL),
(124, 147, 249, NULL),
(124, 162, 204, NULL),
(124, 154, 193, NULL),
(124, 155, 236, NULL),
(124, 156, 3, NULL),
(124, 81, 289, NULL),
(124, 164, 116, NULL),
(124, 165, 125, NULL),
(124, 166, 1, NULL),
(124, 158, 281, NULL),
(124, 159, 21, NULL),
(124, 160, 105, NULL),
(124, 161, 102, NULL),
(125, 91, 287, NULL),
(125, 95, 272, NULL),
(125, 100, 43, NULL),
(125, 101, 182, NULL),
(125, 102, 109, NULL),
(125, 104, 293, NULL),
(125, 105, 160, NULL),
(125, 107, 181, NULL),
(125, 108, 24, NULL),
(125, 109, 222, NULL),
(125, 112, 69, NULL),
(125, 113, 103, NULL),
(125, 114, 8, NULL),
(125, 116, 6, NULL),
(125, 117, 213, NULL),
(125, 119, 200, NULL),
(125, 89, 50, NULL),
(125, 90, 207, NULL),
(125, 121, 12, NULL),
(125, 122, 195, NULL),
(125, 123, 43, NULL),
(125, 147, 177, NULL),
(125, 162, 103, NULL),
(125, 154, 24, NULL),
(125, 155, 248, NULL),
(125, 156, 84, NULL),
(125, 81, 95, NULL),
(125, 164, 244, NULL),
(125, 165, 147, NULL),
(125, 166, 181, NULL),
(125, 158, 114, NULL),
(125, 159, 39, NULL),
(125, 160, 55, NULL),
(125, 161, 184, NULL),
(126, 91, 222, NULL),
(126, 95, 33, NULL),
(126, 100, 168, NULL),
(126, 101, 101, NULL),
(126, 102, 67, NULL),
(126, 104, 241, NULL),
(126, 105, 111, NULL),
(126, 107, 7, NULL),
(126, 108, 67, NULL),
(126, 109, 10, NULL),
(126, 112, 278, NULL),
(126, 113, 235, NULL),
(126, 114, 200, NULL),
(126, 116, 9, NULL),
(126, 117, 130, NULL),
(126, 119, 268, NULL),
(126, 89, 289, NULL),
(126, 90, 127, NULL),
(126, 121, 157, NULL),
(126, 122, 142, NULL),
(126, 123, 136, NULL),
(126, 147, 61, NULL),
(126, 162, 55, NULL),
(126, 154, 110, NULL),
(126, 155, 295, NULL),
(126, 156, 250, NULL),
(126, 81, 189, NULL),
(126, 164, 125, NULL),
(126, 165, 261, NULL),
(126, 166, 218, NULL),
(126, 158, 10, NULL),
(126, 159, 45, NULL),
(126, 160, 1, NULL),
(126, 161, 134, NULL),
(127, 91, 242, NULL),
(127, 95, 45, NULL),
(127, 100, 189, NULL),
(127, 101, 248, NULL),
(127, 102, 210, NULL),
(127, 104, 297, NULL),
(127, 105, 60, NULL),
(127, 107, 131, NULL),
(127, 108, 277, NULL),
(127, 109, 52, NULL),
(127, 112, 250, NULL),
(127, 113, 165, NULL),
(127, 114, 198, NULL),
(127, 116, 42, NULL),
(127, 117, 134, NULL),
(127, 119, 278, NULL),
(127, 89, 299, NULL),
(127, 90, 296, NULL),
(127, 121, 88, NULL),
(127, 122, 285, NULL),
(127, 123, 222, NULL),
(127, 147, 32, NULL),
(127, 162, 152, NULL),
(127, 154, 37, NULL),
(127, 155, 180, NULL),
(127, 156, 231, NULL),
(127, 81, 249, NULL),
(127, 164, 56, NULL),
(127, 165, 49, NULL),
(127, 166, 23, NULL),
(127, 158, 256, NULL),
(127, 159, 7, NULL),
(127, 160, 61, NULL),
(127, 161, 175, NULL),
(128, 91, 249, NULL),
(128, 95, 287, NULL),
(128, 100, 65, NULL),
(128, 101, 191, NULL),
(128, 102, 87, NULL),
(128, 104, 30, NULL),
(128, 105, 139, NULL),
(128, 107, 116, NULL),
(128, 108, 236, NULL),
(128, 109, 94, NULL),
(128, 112, 8, NULL),
(128, 113, 206, NULL),
(128, 114, 43, NULL),
(128, 116, 212, NULL),
(128, 117, 289, NULL),
(128, 119, 295, NULL),
(128, 89, 173, NULL),
(128, 90, 252, NULL),
(128, 121, 186, NULL),
(128, 122, 293, NULL),
(128, 123, 274, NULL),
(128, 147, 200, NULL),
(128, 162, 11, NULL),
(128, 154, 212, NULL),
(128, 155, 117, NULL),
(128, 156, 85, NULL),
(128, 81, 300, NULL),
(128, 164, 299, NULL),
(128, 165, 185, NULL),
(128, 166, 292, NULL),
(128, 158, 226, NULL),
(128, 159, 236, NULL),
(128, 160, 246, NULL),
(128, 161, 172, NULL),
(129, 91, 83, NULL),
(129, 95, 186, NULL),
(129, 100, 119, NULL),
(129, 101, 187, NULL),
(129, 102, 113, NULL),
(129, 104, 235, NULL),
(129, 105, 149, NULL),
(129, 107, 21, NULL),
(129, 108, 271, NULL),
(129, 109, 87, NULL),
(129, 112, 152, NULL),
(129, 113, 222, NULL),
(129, 114, 253, NULL),
(129, 116, 22, NULL),
(129, 117, 253, NULL),
(129, 119, 73, NULL),
(129, 89, 187, NULL),
(129, 90, 103, NULL),
(129, 121, 185, NULL),
(129, 122, 117, NULL),
(129, 123, 12, NULL),
(129, 147, 129, NULL),
(129, 162, 232, NULL),
(129, 154, 155, NULL),
(129, 155, 14, NULL),
(129, 156, 186, NULL),
(129, 81, 14, NULL),
(129, 164, 189, NULL),
(129, 165, 281, NULL),
(129, 166, 190, NULL),
(129, 158, 141, NULL),
(129, 159, 6, NULL),
(129, 160, 55, NULL),
(129, 161, 221, NULL),
(130, 91, 176, NULL),
(130, 95, 157, NULL),
(130, 100, 233, NULL),
(130, 101, 42, NULL),
(130, 102, 195, NULL),
(130, 104, 238, NULL),
(130, 105, 207, NULL),
(130, 107, 97, NULL),
(130, 108, 42, NULL),
(130, 109, 230, NULL),
(130, 112, 163, NULL),
(130, 113, 18, NULL),
(130, 114, 102, NULL),
(130, 116, 63, NULL),
(130, 117, 264, NULL),
(130, 119, 115, NULL),
(130, 89, 257, NULL),
(130, 90, 285, NULL),
(130, 121, 71, NULL),
(130, 122, 132, NULL),
(130, 123, 88, NULL),
(130, 147, 62, NULL),
(130, 162, 92, NULL),
(130, 154, 17, NULL),
(130, 155, 21, NULL),
(130, 156, 296, NULL),
(130, 81, 157, NULL),
(130, 164, 232, NULL),
(130, 165, 80, NULL),
(130, 166, 187, NULL),
(130, 158, 4, NULL),
(130, 159, 54, NULL),
(130, 160, 114, NULL),
(130, 161, 287, NULL),
(131, 91, 116, NULL),
(131, 95, 178, NULL),
(131, 100, 173, NULL),
(131, 101, 197, NULL),
(131, 102, 90, NULL),
(131, 104, 155, NULL),
(131, 105, 101, NULL),
(131, 107, 64, NULL),
(131, 108, 244, NULL),
(131, 109, 38, NULL),
(131, 112, 133, NULL),
(131, 113, 165, NULL),
(131, 114, 99, NULL),
(131, 116, 243, NULL),
(131, 117, 154, NULL),
(131, 119, 215, NULL),
(131, 89, 234, NULL),
(131, 90, 266, NULL),
(131, 121, 79, NULL),
(131, 122, 8, NULL),
(131, 123, 122, NULL),
(131, 147, 180, NULL),
(131, 162, 202, NULL),
(131, 154, 83, NULL),
(131, 155, 201, NULL),
(131, 156, 80, NULL),
(131, 81, 267, NULL),
(131, 164, 135, NULL),
(131, 165, 17, NULL),
(131, 166, 215, NULL),
(131, 158, 100, NULL),
(131, 159, 184, NULL),
(131, 160, 184, NULL),
(131, 161, 254, NULL),
(132, 91, 151, NULL),
(132, 95, 113, NULL),
(132, 100, 203, NULL),
(132, 101, 227, NULL),
(132, 102, 183, NULL),
(132, 104, 138, NULL),
(132, 105, 293, NULL),
(132, 107, 139, NULL),
(132, 108, 186, NULL),
(132, 109, 81, NULL),
(132, 112, 77, NULL),
(132, 113, 28, NULL),
(132, 114, 41, NULL),
(132, 116, 225, NULL),
(132, 117, 291, NULL),
(132, 119, 238, NULL),
(132, 89, 293, NULL),
(132, 90, 281, NULL),
(132, 121, 183, NULL),
(132, 122, 160, NULL),
(132, 123, 116, NULL),
(132, 147, 63, NULL),
(132, 162, 55, NULL),
(132, 154, 202, NULL),
(132, 155, 106, NULL),
(132, 156, 254, NULL),
(132, 81, 181, NULL),
(132, 164, 144, NULL),
(132, 165, 188, NULL),
(132, 166, 78, NULL),
(132, 158, 263, NULL),
(132, 159, 78, NULL),
(132, 160, 195, NULL),
(132, 161, 181, NULL),
(133, 91, 205, NULL),
(133, 95, 259, NULL),
(133, 100, 284, NULL),
(133, 101, 248, NULL),
(133, 102, 241, NULL),
(133, 104, 157, NULL),
(133, 105, 255, NULL),
(133, 107, 58, NULL),
(133, 108, 170, NULL),
(133, 109, 43, NULL),
(133, 112, 247, NULL),
(133, 113, 199, NULL),
(133, 114, 33, NULL),
(133, 116, 234, NULL),
(133, 117, 252, NULL),
(133, 119, 253, NULL),
(133, 89, 162, NULL),
(133, 90, 209, NULL),
(133, 121, 267, NULL),
(133, 122, 270, NULL),
(133, 123, 274, NULL),
(133, 147, 72, NULL),
(133, 162, 271, NULL),
(133, 154, 88, NULL),
(133, 155, 296, NULL),
(133, 156, 278, NULL),
(133, 81, 175, NULL),
(133, 164, 254, NULL),
(133, 165, 22, NULL),
(133, 166, 145, NULL),
(133, 158, 244, NULL),
(133, 159, 129, NULL),
(133, 160, 159, NULL),
(133, 161, 200, NULL),
(134, 91, 272, NULL),
(134, 95, 43, NULL),
(134, 100, 105, NULL),
(134, 101, 245, NULL),
(134, 102, 237, NULL),
(134, 104, 232, NULL),
(134, 105, 10, NULL),
(134, 107, 280, NULL),
(134, 108, 27, NULL),
(134, 109, 59, NULL),
(134, 112, 31, NULL),
(134, 113, 160, NULL),
(134, 114, 37, NULL),
(134, 116, 45, NULL),
(134, 117, 140, NULL),
(134, 119, 261, NULL),
(134, 89, 282, NULL),
(134, 90, 44, NULL),
(134, 121, 4, NULL),
(134, 122, 93, NULL),
(134, 123, 70, NULL),
(134, 147, 182, NULL),
(134, 162, 226, NULL),
(134, 154, 293, NULL),
(134, 155, 19, NULL),
(134, 156, 253, NULL),
(134, 81, 122, NULL),
(134, 164, 26, NULL),
(134, 165, 55, NULL),
(134, 166, 192, NULL),
(134, 158, 212, NULL),
(134, 159, 192, NULL),
(134, 160, 48, NULL),
(134, 161, 130, NULL),
(135, 91, 131, NULL),
(135, 95, 135, NULL),
(135, 100, 241, NULL),
(135, 101, 184, NULL),
(135, 102, 268, NULL),
(135, 104, 21, NULL),
(135, 105, 211, NULL),
(135, 107, 233, NULL),
(135, 108, 12, NULL),
(135, 109, 102, NULL),
(135, 112, 203, NULL),
(135, 113, 286, NULL),
(135, 114, 73, NULL),
(135, 116, 147, NULL),
(135, 117, 162, NULL),
(135, 119, 196, NULL),
(135, 89, 15, NULL),
(135, 90, 99, NULL),
(135, 121, 279, NULL),
(135, 122, 26, NULL),
(135, 123, 219, NULL),
(135, 147, 91, NULL),
(135, 162, 16, NULL),
(135, 154, 57, NULL),
(135, 155, 151, NULL),
(135, 156, 91, NULL),
(135, 81, 78, NULL),
(135, 164, 279, NULL),
(135, 165, 123, NULL),
(135, 166, 94, NULL),
(135, 158, 209, NULL),
(135, 159, 252, NULL),
(135, 160, 234, NULL),
(135, 161, 81, NULL),
(136, 91, 231, NULL),
(136, 95, 135, NULL),
(136, 100, 50, NULL),
(136, 101, 288, NULL),
(136, 102, 190, NULL),
(136, 104, 240, NULL),
(136, 105, 155, NULL),
(136, 107, 14, NULL),
(136, 108, 170, NULL),
(136, 109, 299, NULL),
(136, 112, 235, NULL),
(136, 113, 149, NULL),
(136, 114, 197, NULL),
(136, 116, 99, NULL),
(136, 117, 294, NULL),
(136, 119, 91, NULL),
(136, 89, 200, NULL),
(136, 90, 279, NULL),
(136, 121, 169, NULL),
(136, 122, 127, NULL),
(136, 123, 143, NULL),
(136, 147, 243, NULL),
(136, 162, 209, NULL),
(136, 154, 235, NULL),
(136, 155, 106, NULL),
(136, 156, 194, NULL),
(136, 81, 260, NULL),
(136, 164, 62, NULL),
(136, 165, 224, NULL),
(136, 166, 66, NULL),
(136, 158, 300, NULL),
(136, 159, 218, NULL),
(136, 160, 11, NULL),
(136, 161, 219, NULL),
(137, 91, 175, NULL),
(137, 95, 153, NULL),
(137, 100, 107, NULL),
(137, 101, 254, NULL),
(137, 102, 139, NULL),
(137, 104, 272, NULL),
(137, 105, 67, NULL),
(137, 107, 194, NULL),
(137, 108, 85, NULL),
(137, 109, 20, NULL),
(137, 112, 185, NULL),
(137, 113, 173, NULL),
(137, 114, 78, NULL),
(137, 116, 244, NULL),
(137, 117, 78, NULL),
(137, 119, 27, NULL),
(137, 89, 294, NULL),
(137, 90, 44, NULL),
(137, 121, 300, NULL),
(137, 122, 177, NULL),
(137, 123, 118, NULL),
(137, 147, 248, NULL),
(137, 162, 107, NULL),
(137, 154, 27, NULL),
(137, 155, 281, NULL),
(137, 156, 8, NULL),
(137, 81, 275, NULL),
(137, 164, 103, NULL),
(137, 165, 263, NULL),
(137, 166, 265, NULL),
(137, 158, 197, NULL),
(137, 159, 43, NULL),
(137, 160, 127, NULL),
(137, 161, 96, NULL),
(138, 91, 172, NULL),
(138, 95, 155, NULL),
(138, 100, 81, NULL),
(138, 101, 263, NULL),
(138, 102, 245, NULL),
(138, 104, 181, NULL),
(138, 105, 259, NULL),
(138, 107, 105, NULL),
(138, 108, 219, NULL),
(138, 109, 171, NULL),
(138, 112, 96, NULL),
(138, 113, 62, NULL),
(138, 114, 40, NULL),
(138, 116, 224, NULL),
(138, 117, 273, NULL),
(138, 119, 188, NULL),
(138, 89, 93, NULL),
(138, 90, 230, NULL),
(138, 121, 62, NULL),
(138, 122, 52, NULL),
(138, 123, 137, NULL),
(138, 147, 257, NULL),
(138, 162, 203, NULL),
(138, 154, 159, NULL),
(138, 155, 58, NULL),
(138, 156, 148, NULL),
(138, 81, 45, NULL),
(138, 164, 11, NULL),
(138, 165, 245, NULL),
(138, 166, 237, NULL),
(138, 158, 207, NULL),
(138, 159, 222, NULL),
(138, 160, 111, NULL),
(138, 161, 126, NULL),
(139, 91, 265, NULL),
(139, 95, 207, NULL),
(139, 100, 204, NULL),
(139, 101, 221, NULL),
(139, 102, 160, NULL),
(139, 104, 77, NULL),
(139, 105, 155, NULL),
(139, 107, 80, NULL),
(139, 108, 30, NULL),
(139, 109, 44, NULL),
(139, 112, 294, NULL),
(139, 113, 170, NULL),
(139, 114, 55, NULL),
(139, 116, 155, NULL),
(139, 117, 298, NULL),
(139, 119, 270, NULL),
(139, 89, 173, NULL),
(139, 90, 191, NULL),
(139, 121, 287, NULL),
(139, 122, 219, NULL),
(139, 123, 62, NULL),
(139, 147, 123, NULL),
(139, 162, 167, NULL),
(139, 154, 291, NULL),
(139, 155, 128, NULL),
(139, 156, 173, NULL),
(139, 81, 164, NULL),
(139, 164, 157, NULL),
(139, 165, 37, NULL),
(139, 166, 259, NULL),
(139, 158, 212, NULL),
(139, 159, 110, NULL),
(139, 160, 98, NULL),
(139, 161, 224, NULL),
(140, 91, 33, NULL),
(140, 95, 293, NULL),
(140, 100, 261, NULL),
(140, 101, 164, NULL),
(140, 102, 160, NULL),
(140, 104, 17, NULL),
(140, 105, 110, NULL),
(140, 107, 64, NULL),
(140, 108, 256, NULL),
(140, 109, 148, NULL),
(140, 112, 166, NULL),
(140, 113, 127, NULL),
(140, 114, 101, NULL),
(140, 116, 205, NULL),
(140, 117, 235, NULL),
(140, 119, 85, NULL),
(140, 89, 59, NULL),
(140, 90, 127, NULL),
(140, 121, 87, NULL),
(140, 122, 209, NULL),
(140, 123, 135, NULL),
(140, 147, 87, NULL),
(140, 162, 137, NULL),
(140, 154, 296, NULL),
(140, 155, 61, NULL),
(140, 156, 253, NULL),
(140, 81, 222, NULL),
(140, 164, 7, NULL),
(140, 165, 291, NULL),
(140, 166, 233, NULL),
(140, 158, 214, NULL),
(140, 159, 174, NULL),
(140, 160, 183, NULL),
(140, 161, 218, NULL),
(141, 91, 39, NULL),
(141, 95, 105, NULL),
(141, 100, 251, NULL),
(141, 101, 136, NULL),
(141, 102, 30, NULL),
(141, 104, 257, NULL),
(141, 105, 14, NULL),
(141, 107, 51, NULL),
(141, 108, 241, NULL),
(141, 109, 109, NULL),
(141, 112, 155, NULL),
(141, 113, 143, NULL),
(141, 114, 29, NULL),
(141, 116, 31, NULL),
(141, 117, 142, NULL),
(141, 119, 85, NULL),
(141, 89, 111, NULL),
(141, 90, 255, NULL),
(141, 121, 171, NULL),
(141, 122, 6, NULL),
(141, 123, 91, NULL),
(141, 147, 15, NULL),
(141, 162, 239, NULL),
(141, 154, 50, NULL),
(141, 155, 282, NULL),
(141, 156, 112, NULL),
(141, 81, 142, NULL),
(141, 164, 253, NULL),
(141, 165, 35, NULL),
(141, 166, 52, NULL),
(141, 158, 127, NULL),
(141, 159, 54, NULL),
(141, 160, 48, NULL),
(141, 161, 296, NULL),
(142, 91, 72, NULL),
(142, 95, 167, NULL),
(142, 100, 260, NULL),
(142, 101, 244, NULL),
(142, 102, 41, NULL),
(142, 104, 104, NULL),
(142, 105, 80, NULL),
(142, 107, 16, NULL),
(142, 108, 196, NULL),
(142, 109, 3, NULL),
(142, 112, 43, NULL),
(142, 113, 74, NULL),
(142, 114, 213, NULL),
(142, 116, 55, NULL),
(142, 117, 267, NULL),
(142, 119, 284, NULL),
(142, 89, 52, NULL),
(142, 90, 86, NULL),
(142, 121, 178, NULL),
(142, 122, 106, NULL),
(142, 123, 223, NULL),
(142, 147, 286, NULL),
(142, 162, 31, NULL),
(142, 154, 171, NULL),
(142, 155, 234, NULL),
(142, 156, 254, NULL),
(142, 81, 148, NULL),
(142, 164, 77, NULL),
(142, 165, 4, NULL),
(142, 166, 132, NULL),
(142, 158, 70, NULL),
(142, 159, 21, NULL),
(142, 160, 54, NULL),
(142, 161, 207, NULL),
(143, 91, 17, NULL),
(143, 95, 100, NULL),
(143, 100, 42, NULL),
(143, 101, 40, NULL),
(143, 102, 136, NULL),
(143, 104, 268, NULL),
(143, 105, 171, NULL),
(143, 107, 166, NULL),
(143, 108, 112, NULL),
(143, 109, 158, NULL),
(143, 112, 269, NULL),
(143, 113, 92, NULL),
(143, 114, 242, NULL),
(143, 116, 234, NULL),
(143, 117, 33, NULL),
(143, 119, 75, NULL),
(143, 89, 49, NULL),
(143, 90, 289, NULL),
(143, 121, 191, NULL),
(143, 122, 158, NULL),
(143, 123, 245, NULL),
(143, 147, 126, NULL),
(143, 162, 157, NULL),
(143, 154, 176, NULL),
(143, 155, 125, NULL),
(143, 156, 7, NULL),
(143, 81, 72, NULL),
(143, 164, 277, NULL),
(143, 165, 49, NULL),
(143, 166, 135, NULL),
(143, 158, 118, NULL),
(143, 159, 292, NULL),
(143, 160, 286, NULL),
(143, 161, 237, NULL),
(144, 91, 204, NULL),
(144, 95, 3, NULL),
(144, 100, 71, NULL),
(144, 101, 295, NULL),
(144, 102, 239, NULL),
(144, 104, 100, NULL),
(144, 105, 239, NULL),
(144, 107, 56, NULL),
(144, 108, 83, NULL),
(144, 109, 8, NULL),
(144, 112, 127, NULL),
(144, 113, 271, NULL),
(144, 114, 4, NULL),
(144, 116, 200, NULL),
(144, 117, 6, NULL),
(144, 119, 251, NULL),
(144, 89, 195, NULL),
(144, 90, 164, NULL),
(144, 121, 299, NULL),
(144, 122, 41, NULL),
(144, 123, 10, NULL),
(144, 147, 127, NULL),
(144, 162, 117, NULL),
(144, 154, 105, NULL),
(144, 155, 249, NULL),
(144, 156, 67, NULL),
(144, 81, 222, NULL),
(144, 164, 274, NULL),
(144, 165, 68, NULL),
(144, 166, 207, NULL),
(144, 158, 278, NULL),
(144, 159, 22, NULL),
(144, 160, 222, NULL),
(144, 161, 187, NULL);

-- --------------------------------------------------------

--
-- Estrutura da tabela `tb_historico_pedido`
--

CREATE TABLE `tb_historico_pedido` (
  `id_cadastro` int(6) DEFAULT NULL,
  `date_historico` date DEFAULT NULL,
  `hora` time DEFAULT NULL,
  `subtotal` float(7,2) DEFAULT NULL,
  `id_historico_pedido` int(11) NOT NULL,
  `mesa` int(1) DEFAULT NULL
) ENGINE=InnoDB DEFAULT CHARSET=latin1;

--
-- Extraindo dados da tabela `tb_historico_pedido`
--

INSERT INTO `tb_historico_pedido` (`id_cadastro`, `date_historico`, `hora`, `subtotal`, `id_historico_pedido`, `mesa`) VALUES
(177, '2019-05-14', '08:24:00', 470.50, 1, 1),
(164, '2019-05-26', '01:07:00', 4.00, 2, 4),
(164, '2019-01-01', '00:00:00', NULL, 3, 4),
(164, '2019-01-02', '00:00:00', NULL, 4, 4),
(164, '2019-01-03', '00:00:00', NULL, 5, 4),
(164, '2019-01-04', '00:00:00', NULL, 6, 4),
(164, '2019-01-05', '00:00:00', NULL, 7, 4),
(164, '2019-01-06', '00:00:00', NULL, 8, 4),
(164, '2019-01-07', '00:00:00', NULL, 9, 4),
(164, '2019-01-08', '00:00:00', NULL, 10, 4),
(164, '2019-01-09', '00:00:00', NULL, 11, 4),
(164, '2019-01-10', '00:00:00', NULL, 12, 4),
(164, '2019-01-11', '00:00:00', NULL, 13, 4),
(164, '2019-01-12', '00:00:00', NULL, 14, 4),
(164, '2019-01-13', '00:00:00', NULL, 15, 4),
(164, '2019-01-14', '00:00:00', NULL, 16, 4),
(164, '2019-01-15', '00:00:00', NULL, 17, 4),
(164, '2019-01-16', '00:00:00', NULL, 18, 4),
(164, '2019-01-17', '00:00:00', NULL, 19, 4),
(164, '2019-01-18', '00:00:00', NULL, 20, 4),
(164, '2019-01-19', '00:00:00', NULL, 21, 4),
(164, '2019-01-20', '00:00:00', NULL, 22, 4),
(164, '2019-01-21', '00:00:00', NULL, 23, 4),
(164, '2019-01-22', '00:00:00', NULL, 24, 4),
(164, '2019-01-23', '00:00:00', NULL, 25, 4),
(164, '2019-01-24', '00:00:00', NULL, 26, 4),
(164, '2019-01-25', '00:00:00', NULL, 27, 4),
(164, '2019-01-26', '00:00:00', NULL, 28, 4),
(164, '2019-01-27', '00:00:00', NULL, 29, 4),
(164, '2019-01-28', '00:00:00', NULL, 30, 4),
(164, '2019-01-29', '00:00:00', NULL, 31, 4),
(164, '2019-01-30', '00:00:00', NULL, 32, 4),
(164, '2019-01-31', '00:00:00', NULL, 33, 4),
(164, '2019-02-01', '00:00:00', NULL, 34, 4),
(164, '2019-02-02', '00:00:00', NULL, 35, 4),
(164, '2019-02-03', '00:00:00', NULL, 36, 4),
(164, '2019-02-04', '00:00:00', NULL, 37, 4),
(164, '2019-02-05', '00:00:00', NULL, 38, 4),
(164, '2019-02-06', '00:00:00', NULL, 39, 4),
(164, '2019-02-07', '00:00:00', NULL, 40, 4),
(164, '2019-02-08', '00:00:00', NULL, 41, 4),
(164, '2019-02-09', '00:00:00', NULL, 42, 4),
(164, '2019-02-10', '00:00:00', NULL, 43, 4),
(164, '2019-02-11', '00:00:00', NULL, 44, 4),
(164, '2019-02-12', '00:00:00', NULL, 45, 4),
(164, '2019-02-13', '00:00:00', NULL, 46, 4),
(164, '2019-02-14', '00:00:00', NULL, 47, 4),
(164, '2019-02-15', '00:00:00', NULL, 48, 4),
(164, '2019-02-16', '00:00:00', NULL, 49, 4),
(164, '2019-02-17', '00:00:00', NULL, 50, 4),
(164, '2019-02-18', '00:00:00', NULL, 51, 4),
(164, '2019-02-19', '00:00:00', NULL, 52, 4),
(164, '2019-02-20', '00:00:00', NULL, 53, 4),
(164, '2019-02-21', '00:00:00', NULL, 54, 4),
(164, '2019-02-22', '00:00:00', NULL, 55, 4),
(164, '2019-02-23', '00:00:00', NULL, 56, 4),
(164, '2019-02-24', '00:00:00', NULL, 57, 4),
(164, '2019-02-25', '00:00:00', NULL, 58, 4),
(164, '2019-02-26', '00:00:00', NULL, 59, 4),
(164, '2019-02-27', '00:00:00', NULL, 60, 4),
(164, '2019-02-28', '00:00:00', NULL, 61, 4),
(164, '2019-03-01', '00:00:00', NULL, 62, 4),
(164, '2019-03-02', '00:00:00', NULL, 63, 4),
(164, '2019-03-03', '00:00:00', NULL, 64, 4),
(164, '2019-03-04', '00:00:00', NULL, 65, 4),
(164, '2019-03-05', '00:00:00', NULL, 66, 4),
(164, '2019-03-06', '00:00:00', NULL, 67, 4),
(164, '2019-03-07', '00:00:00', NULL, 68, 4),
(164, '2019-03-08', '00:00:00', NULL, 69, 4),
(164, '2019-03-09', '00:00:00', NULL, 70, 4),
(164, '2019-03-10', '00:00:00', NULL, 71, 4),
(164, '2019-03-11', '00:00:00', NULL, 72, 4),
(164, '2019-03-12', '00:00:00', NULL, 73, 4),
(164, '2019-03-13', '00:00:00', NULL, 74, 4),
(164, '2019-03-14', '00:00:00', NULL, 75, 4),
(164, '2019-03-15', '00:00:00', NULL, 76, 4),
(164, '2019-03-16', '00:00:00', NULL, 77, 4),
(164, '2019-03-17', '00:00:00', NULL, 78, 4),
(164, '2019-03-18', '00:00:00', NULL, 79, 4),
(164, '2019-03-19', '00:00:00', NULL, 80, 4),
(164, '2019-03-20', '00:00:00', NULL, 81, 4),
(164, '2019-03-21', '00:00:00', NULL, 82, 4),
(164, '2019-03-22', '00:00:00', NULL, 83, 4),
(164, '2019-03-23', '00:00:00', NULL, 84, 4),
(164, '2019-03-24', '00:00:00', NULL, 85, 4),
(164, '2019-03-25', '00:00:00', NULL, 86, 4),
(164, '2019-03-26', '00:00:00', NULL, 87, 4),
(164, '2019-03-27', '00:00:00', NULL, 88, 4),
(164, '2019-03-28', '00:00:00', NULL, 89, 4),
(164, '2019-03-29', '00:00:00', NULL, 90, 4),
(164, '2019-03-30', '00:00:00', NULL, 91, 4),
(164, '2019-03-31', '00:00:00', NULL, 92, 4),
(164, '2019-04-01', '00:00:00', NULL, 93, 4),
(164, '2019-04-02', '00:00:00', NULL, 94, 4),
(164, '2019-04-03', '00:00:00', NULL, 95, 4),
(164, '2019-04-04', '00:00:00', NULL, 96, 4),
(164, '2019-04-05', '00:00:00', NULL, 97, 4),
(164, '2019-04-06', '00:00:00', NULL, 98, 4),
(164, '2019-04-07', '00:00:00', NULL, 99, 4),
(164, '2019-04-08', '00:00:00', NULL, 100, 4),
(164, '2019-04-09', '00:00:00', NULL, 101, 4),
(164, '2019-04-10', '00:00:00', NULL, 102, 4),
(164, '2019-04-11', '00:00:00', NULL, 103, 4),
(164, '2019-04-12', '00:00:00', NULL, 104, 4),
(164, '2019-04-13', '00:00:00', NULL, 105, 4),
(164, '2019-04-14', '00:00:00', NULL, 106, 4),
(164, '2019-04-15', '00:00:00', NULL, 107, 4),
(164, '2019-04-16', '00:00:00', NULL, 108, 4),
(164, '2019-04-17', '00:00:00', NULL, 109, 4),
(164, '2019-04-18', '00:00:00', NULL, 110, 4),
(164, '2019-04-19', '00:00:00', NULL, 111, 4),
(164, '2019-04-20', '00:00:00', NULL, 112, 4),
(164, '2019-04-21', '00:00:00', NULL, 113, 4),
(164, '2019-04-22', '00:00:00', NULL, 114, 4),
(164, '2019-04-23', '00:00:00', NULL, 115, 4),
(164, '2019-04-24', '00:00:00', NULL, 116, 4),
(164, '2019-04-25', '00:00:00', NULL, 117, 4),
(164, '2019-04-26', '00:00:00', NULL, 118, 4),
(164, '2019-04-27', '00:00:00', NULL, 119, 4),
(164, '2019-04-28', '00:00:00', NULL, 120, 4),
(164, '2019-04-29', '00:00:00', NULL, 121, 4),
(164, '2019-04-30', '00:00:00', NULL, 122, 4),
(164, '2019-05-01', '00:00:00', NULL, 123, 4),
(164, '2019-05-02', '00:00:00', NULL, 124, 4),
(164, '2019-05-03', '00:00:00', NULL, 125, 4),
(164, '2019-05-04', '00:00:00', NULL, 126, 4),
(164, '2019-05-05', '00:00:00', NULL, 127, 4),
(164, '2019-05-06', '00:00:00', NULL, 128, 4),
(164, '2019-05-07', '00:00:00', NULL, 129, 4),
(164, '2019-05-08', '00:00:00', NULL, 130, 4),
(164, '2019-05-09', '00:00:00', NULL, 131, 4),
(164, '2019-05-10', '00:00:00', NULL, 132, 4),
(164, '2019-05-11', '00:00:00', NULL, 133, 4),
(164, '2019-05-12', '00:00:00', NULL, 134, 4),
(164, '2019-05-13', '00:00:00', NULL, 135, 4),
(164, '2019-05-14', '00:00:00', NULL, 136, 4),
(164, '2019-05-15', '00:00:00', NULL, 137, 4),
(164, '2019-05-16', '00:00:00', NULL, 138, 4),
(164, '2019-05-17', '00:00:00', NULL, 139, 4),
(164, '2019-05-18', '00:00:00', NULL, 140, 4),
(164, '2019-05-19', '00:00:00', NULL, 141, 4),
(164, '2019-05-20', '00:00:00', NULL, 142, 4),
(164, '2019-05-21', '00:00:00', NULL, 143, 4),
(164, '2019-05-22', '00:00:00', NULL, 144, 4),
(164, '2019-05-23', '00:00:00', NULL, 145, 4);

-- --------------------------------------------------------

--
-- Estrutura da tabela `tb_ingrediente`
--

CREATE TABLE `tb_ingrediente` (
  `id_ingrediente` int(11) NOT NULL,
  `quant_max` int(8) DEFAULT NULL,
  `quant_min` int(4) DEFAULT NULL,
  `id_tipo_ingrediente` int(6) DEFAULT NULL,
  `validade` date DEFAULT NULL,
  `unidade` varchar(15) DEFAULT NULL,
  `nome` varchar(20) DEFAULT NULL,
  `valor_unitario` float(7,2) DEFAULT NULL,
  `quant` int(8) DEFAULT NULL
) ENGINE=InnoDB DEFAULT CHARSET=latin1;

-- --------------------------------------------------------

--
-- Estrutura da tabela `tb_mesa`
--

CREATE TABLE `tb_mesa` (
  `id_mesa` int(11) NOT NULL,
  `id_cadastro` int(6) DEFAULT NULL
) ENGINE=InnoDB DEFAULT CHARSET=latin1;

--
-- Extraindo dados da tabela `tb_mesa`
--

INSERT INTO `tb_mesa` (`id_mesa`, `id_cadastro`) VALUES
(2, NULL),
(3, NULL),
(4, 164),
(1, 177);

-- --------------------------------------------------------

--
-- Estrutura da tabela `tb_nota_fiscal`
--

CREATE TABLE `tb_nota_fiscal` (
  `id_nota_fiscal` int(11) NOT NULL,
  `id_cadastro` int(6) DEFAULT NULL,
  `id_pagamento` int(6) DEFAULT NULL,
  `data_hora` date DEFAULT NULL,
  `hora` time DEFAULT NULL
) ENGINE=InnoDB DEFAULT CHARSET=latin1;

-- --------------------------------------------------------

--
-- Estrutura da tabela `tb_pagamento`
--

CREATE TABLE `tb_pagamento` (
  `id_pagamento` int(11) NOT NULL,
  `id_cadastro` int(6) DEFAULT NULL,
  `id_pedido` int(6) DEFAULT NULL,
  `forma_pagamento` char(1) DEFAULT NULL,
  `troco` float(6,2) DEFAULT NULL,
  `situacao_pagamento` char(1) DEFAULT NULL
) ENGINE=InnoDB DEFAULT CHARSET=latin1;

--
-- Extraindo dados da tabela `tb_pagamento`
--

INSERT INTO `tb_pagamento` (`id_pagamento`, `id_cadastro`, `id_pedido`, `forma_pagamento`, `troco`, `situacao_pagamento`) VALUES
(1, 177, 1, 'm', 0.00, '1'),
(2, 177, 1, 'c', 0.00, '1'),
(3, 164, 2, 'c', 0.00, '1');

-- --------------------------------------------------------

--
-- Estrutura da tabela `tb_pedido`
--

CREATE TABLE `tb_pedido` (
  `id_pedido` int(11) NOT NULL,
  `id_cadastro` int(6) DEFAULT NULL,
  `data_pedido` date DEFAULT NULL,
  `hora` time DEFAULT NULL,
  `subtotal` float(9,2) DEFAULT NULL
) ENGINE=InnoDB DEFAULT CHARSET=latin1;

--
-- Extraindo dados da tabela `tb_pedido`
--

INSERT INTO `tb_pedido` (`id_pedido`, `id_cadastro`, `data_pedido`, `hora`, `subtotal`) VALUES
(1, 177, '2019-05-26', '09:18:00', 16.00);

-- --------------------------------------------------------

--
-- Estrutura da tabela `tb_receita`
--

CREATE TABLE `tb_receita` (
  `id_cardapio` int(6) DEFAULT NULL,
  `id_ingrediente` int(6) DEFAULT NULL,
  `quant_ingrediente` int(3) DEFAULT NULL
) ENGINE=InnoDB DEFAULT CHARSET=latin1;

-- --------------------------------------------------------

--
-- Estrutura da tabela `tb_senha`
--

CREATE TABLE `tb_senha` (
  `id_cadastro` int(6) DEFAULT NULL,
  `senha` char(32) DEFAULT NULL,
  `validar_email` tinyint(1) DEFAULT NULL,
  `token` varchar(30) DEFAULT NULL
) ENGINE=InnoDB DEFAULT CHARSET=latin1;

--
-- Extraindo dados da tabela `tb_senha`
--

INSERT INTO `tb_senha` (`id_cadastro`, `senha`, `validar_email`, `token`) VALUES
(2, 'f5bb0c8de146c67b44babbf4e6584cc0', 1, NULL),
(3, 'f5bb0c8de146c67b44babbf4e6584cc0', 1, NULL),
(4, 'f5bb0c8de146c67b44babbf4e6584cc0', 1, NULL),
(5, 'f5bb0c8de146c67b44babbf4e6584cc0', 1, NULL),
(164, 'f5bb0c8de146c67b44babbf4e6584cc0', 1, '5cd3146d8137d'),
(165, 'f5bb0c8de146c67b44babbf4e6584cc0', 1, '5cd315ec44ee2'),
(166, 'f5bb0c8de146c67b44babbf4e6584cc0', 1, '5cd318b3a925e'),
(168, 'f5bb0c8de146c67b44babbf4e6584cc0', 1, '5cd327f61ed5a'),
(170, 'f5bb0c8de146c67b44babbf4e6584cc0', 1, '5cd32fd70de3c'),
(171, 'f5bb0c8de146c67b44babbf4e6584cc0', 1, '5cd33254cad00'),
(172, 'f5bb0c8de146c67b44babbf4e6584cc0', 1, '5cd332bd9e30e'),
(175, 'f5bb0c8de146c67b44babbf4e6584cc0', 1, '5cd4c5550d46f'),
(176, 'f5bb0c8de146c67b44babbf4e6584cc0', 1, '5cd4c7c31ac23'),
(177, 'f5bb0c8de146c67b44babbf4e6584cc0', 1, '5cd9f77a1e4d6'),
(178, 'f5bb0c8de146c67b44babbf4e6584cc0', 1, '5cdb7228b6280'),
(179, 'f5bb0c8de146c67b44babbf4e6584cc0', 1, '5cdb7278a4b12'),
(180, 'f5bb0c8de146c67b44babbf4e6584cc0', 1, '5ce046e271524'),
(181, 'f5bb0c8de146c67b44babbf4e6584cc0', 0, '5ced198ac144a');

-- --------------------------------------------------------

--
-- Estrutura da tabela `tb_solicitacao_mesa`
--

CREATE TABLE `tb_solicitacao_mesa` (
  `id_mesa_solicitante` int(6) DEFAULT NULL,
  `id_mesa_solicitada` int(6) DEFAULT NULL,
  `status` tinyint(1) DEFAULT NULL
) ENGINE=InnoDB DEFAULT CHARSET=latin1;

-- --------------------------------------------------------

--
-- Estrutura da tabela `tb_telefone`
--

CREATE TABLE `tb_telefone` (
  `id_cadastro` int(6) DEFAULT NULL,
  `ddd` varchar(4) DEFAULT NULL,
  `numero` varchar(10) DEFAULT NULL
) ENGINE=InnoDB DEFAULT CHARSET=latin1;

--
-- Extraindo dados da tabela `tb_telefone`
--

INSERT INTO `tb_telefone` (`id_cadastro`, `ddd`, `numero`) VALUES
(2, '25', '33333-3333'),
(3, '44', '222222222'),
(4, '52', '22222-2222'),
(5, '55', '22222-2222'),
(164, '1', '11220-0202'),
(165, '41', '222222222'),
(166, '41', '222222222'),
(168, '41', '222222222'),
(170, '41', '222222222'),
(171, '41', '222222222'),
(172, '41', '222222222'),
(175, '12', '222222222'),
(176, '32', '222222222'),
(177, '32', '12313-2132'),
(178, '32', '12313-2132'),
(179, '32', '12313-2132'),
(180, '52', '25525-2252'),
(181, '32', '12313-2132');

-- --------------------------------------------------------

--
-- Estrutura da tabela `tb_tipo_ingrediente`
--

CREATE TABLE `tb_tipo_ingrediente` (
  `id_tipo_ingrediente` int(11) NOT NULL,
  `nome_tipo` varchar(20) DEFAULT NULL
) ENGINE=InnoDB DEFAULT CHARSET=latin1;

--
-- Indexes for dumped tables
--

--
-- Indexes for table `tb_alimento_pedido`
--
ALTER TABLE `tb_alimento_pedido`
  ADD KEY `id_pedido` (`id_pedido`),
  ADD KEY `id_cardapio` (`id_cardapio`);

--
-- Indexes for table `tb_cadastro`
--
ALTER TABLE `tb_cadastro`
  ADD PRIMARY KEY (`id_cadastro`);

--
-- Indexes for table `tb_cardapio`
--
ALTER TABLE `tb_cardapio`
  ADD PRIMARY KEY (`id_cardapio`),
  ADD KEY `id_cardapio_subcat` (`id_cardapio_subcat`);

--
-- Indexes for table `tb_cardapio_cat`
--
ALTER TABLE `tb_cardapio_cat`
  ADD PRIMARY KEY (`id_cardapio_cat`);

--
-- Indexes for table `tb_cardapio_subcat`
--
ALTER TABLE `tb_cardapio_subcat`
  ADD PRIMARY KEY (`id_cardapio_subcat`),
  ADD KEY `id_cardapio_cat` (`id_cardapio_cat`);

--
-- Indexes for table `tb_cliente`
--
ALTER TABLE `tb_cliente`
  ADD KEY `id_cadastro` (`id_cadastro`);

--
-- Indexes for table `tb_funcionario`
--
ALTER TABLE `tb_funcionario`
  ADD KEY `id_cadastro` (`id_cadastro`);

--
-- Indexes for table `tb_historico_alimento_pedido`
--
ALTER TABLE `tb_historico_alimento_pedido`
  ADD KEY `id_historico_pedido` (`id_historico_pedido`),
  ADD KEY `id_cardapio` (`id_cardapio`);

--
-- Indexes for table `tb_historico_pedido`
--
ALTER TABLE `tb_historico_pedido`
  ADD PRIMARY KEY (`id_historico_pedido`),
  ADD KEY `id_cadastro` (`id_cadastro`);

--
-- Indexes for table `tb_ingrediente`
--
ALTER TABLE `tb_ingrediente`
  ADD PRIMARY KEY (`id_ingrediente`),
  ADD KEY `id_tipo_ingrediente` (`id_tipo_ingrediente`);

--
-- Indexes for table `tb_mesa`
--
ALTER TABLE `tb_mesa`
  ADD PRIMARY KEY (`id_mesa`),
  ADD KEY `id_cadastro` (`id_cadastro`);

--
-- Indexes for table `tb_nota_fiscal`
--
ALTER TABLE `tb_nota_fiscal`
  ADD PRIMARY KEY (`id_nota_fiscal`),
  ADD KEY `id_cadastro` (`id_cadastro`),
  ADD KEY `id_pagamento` (`id_pagamento`);

--
-- Indexes for table `tb_pagamento`
--
ALTER TABLE `tb_pagamento`
  ADD PRIMARY KEY (`id_pagamento`),
  ADD KEY `id_cadastro` (`id_cadastro`),
  ADD KEY `id_pedido` (`id_pedido`);

--
-- Indexes for table `tb_pedido`
--
ALTER TABLE `tb_pedido`
  ADD PRIMARY KEY (`id_pedido`),
  ADD KEY `id_cadastro` (`id_cadastro`);

--
-- Indexes for table `tb_receita`
--
ALTER TABLE `tb_receita`
  ADD KEY `id_cardapio` (`id_cardapio`),
  ADD KEY `id_ingrediente` (`id_ingrediente`);

--
-- Indexes for table `tb_senha`
--
ALTER TABLE `tb_senha`
  ADD KEY `id_cadastro` (`id_cadastro`);

--
-- Indexes for table `tb_solicitacao_mesa`
--
ALTER TABLE `tb_solicitacao_mesa`
  ADD KEY `id_mesa_solicitante` (`id_mesa_solicitante`),
  ADD KEY `id_mesa_solicitada` (`id_mesa_solicitada`);

--
-- Indexes for table `tb_telefone`
--
ALTER TABLE `tb_telefone`
  ADD KEY `id_cadastro` (`id_cadastro`);

--
-- Indexes for table `tb_tipo_ingrediente`
--
ALTER TABLE `tb_tipo_ingrediente`
  ADD PRIMARY KEY (`id_tipo_ingrediente`);

--
-- AUTO_INCREMENT for dumped tables
--

--
-- AUTO_INCREMENT for table `tb_cadastro`
--
ALTER TABLE `tb_cadastro`
  MODIFY `id_cadastro` int(11) NOT NULL AUTO_INCREMENT, AUTO_INCREMENT=182;

--
-- AUTO_INCREMENT for table `tb_cardapio`
--
ALTER TABLE `tb_cardapio`
  MODIFY `id_cardapio` int(11) NOT NULL AUTO_INCREMENT, AUTO_INCREMENT=167;

--
-- AUTO_INCREMENT for table `tb_cardapio_cat`
--
ALTER TABLE `tb_cardapio_cat`
  MODIFY `id_cardapio_cat` int(11) NOT NULL AUTO_INCREMENT, AUTO_INCREMENT=4;

--
-- AUTO_INCREMENT for table `tb_cardapio_subcat`
--
ALTER TABLE `tb_cardapio_subcat`
  MODIFY `id_cardapio_subcat` int(11) NOT NULL AUTO_INCREMENT, AUTO_INCREMENT=13;

--
-- AUTO_INCREMENT for table `tb_historico_pedido`
--
ALTER TABLE `tb_historico_pedido`
  MODIFY `id_historico_pedido` int(11) NOT NULL AUTO_INCREMENT, AUTO_INCREMENT=146;

--
-- AUTO_INCREMENT for table `tb_ingrediente`
--
ALTER TABLE `tb_ingrediente`
  MODIFY `id_ingrediente` int(11) NOT NULL AUTO_INCREMENT;

--
-- AUTO_INCREMENT for table `tb_mesa`
--
ALTER TABLE `tb_mesa`
  MODIFY `id_mesa` int(11) NOT NULL AUTO_INCREMENT, AUTO_INCREMENT=5;

--
-- AUTO_INCREMENT for table `tb_nota_fiscal`
--
ALTER TABLE `tb_nota_fiscal`
  MODIFY `id_nota_fiscal` int(11) NOT NULL AUTO_INCREMENT;

--
-- AUTO_INCREMENT for table `tb_pagamento`
--
ALTER TABLE `tb_pagamento`
  MODIFY `id_pagamento` int(11) NOT NULL AUTO_INCREMENT, AUTO_INCREMENT=4;

--
-- AUTO_INCREMENT for table `tb_pedido`
--
ALTER TABLE `tb_pedido`
  MODIFY `id_pedido` int(11) NOT NULL AUTO_INCREMENT, AUTO_INCREMENT=2;

--
-- AUTO_INCREMENT for table `tb_tipo_ingrediente`
--
ALTER TABLE `tb_tipo_ingrediente`
  MODIFY `id_tipo_ingrediente` int(11) NOT NULL AUTO_INCREMENT;

--
-- Constraints for dumped tables
--

--
-- Limitadores para a tabela `tb_alimento_pedido`
--
ALTER TABLE `tb_alimento_pedido`
  ADD CONSTRAINT `tb_alimento_pedido_ibfk_1` FOREIGN KEY (`id_pedido`) REFERENCES `tb_pedido` (`id_pedido`),
  ADD CONSTRAINT `tb_alimento_pedido_ibfk_2` FOREIGN KEY (`id_cardapio`) REFERENCES `tb_cardapio` (`id_cardapio`);

--
-- Limitadores para a tabela `tb_cardapio`
--
ALTER TABLE `tb_cardapio`
  ADD CONSTRAINT `tb_cardapio_ibfk_1` FOREIGN KEY (`id_cardapio_subcat`) REFERENCES `tb_cardapio_subcat` (`id_cardapio_subcat`);

--
-- Limitadores para a tabela `tb_cardapio_subcat`
--
ALTER TABLE `tb_cardapio_subcat`
  ADD CONSTRAINT `tb_cardapio_subcat_ibfk_1` FOREIGN KEY (`id_cardapio_cat`) REFERENCES `tb_cardapio_cat` (`id_cardapio_cat`);

--
-- Limitadores para a tabela `tb_cliente`
--
ALTER TABLE `tb_cliente`
  ADD CONSTRAINT `tb_cliente_ibfk_1` FOREIGN KEY (`id_cadastro`) REFERENCES `tb_cadastro` (`id_cadastro`);

--
-- Limitadores para a tabela `tb_funcionario`
--
ALTER TABLE `tb_funcionario`
  ADD CONSTRAINT `tb_funcionario_ibfk_1` FOREIGN KEY (`id_cadastro`) REFERENCES `tb_cadastro` (`id_cadastro`);

--
-- Limitadores para a tabela `tb_historico_alimento_pedido`
--
ALTER TABLE `tb_historico_alimento_pedido`
  ADD CONSTRAINT `tb_historico_alimento_pedido_ibfk_1` FOREIGN KEY (`id_historico_pedido`) REFERENCES `tb_historico_pedido` (`id_historico_pedido`),
  ADD CONSTRAINT `tb_historico_alimento_pedido_ibfk_2` FOREIGN KEY (`id_cardapio`) REFERENCES `tb_cardapio` (`id_cardapio`);

--
-- Limitadores para a tabela `tb_historico_pedido`
--
ALTER TABLE `tb_historico_pedido`
  ADD CONSTRAINT `tb_historico_pedido_ibfk_2` FOREIGN KEY (`id_cadastro`) REFERENCES `tb_cadastro` (`id_cadastro`);

--
-- Limitadores para a tabela `tb_ingrediente`
--
ALTER TABLE `tb_ingrediente`
  ADD CONSTRAINT `tb_ingrediente_ibfk_1` FOREIGN KEY (`id_tipo_ingrediente`) REFERENCES `tb_tipo_ingrediente` (`id_tipo_ingrediente`);

--
-- Limitadores para a tabela `tb_mesa`
--
ALTER TABLE `tb_mesa`
  ADD CONSTRAINT `tb_mesa_ibfk_1` FOREIGN KEY (`id_cadastro`) REFERENCES `tb_cadastro` (`id_cadastro`);

--
-- Limitadores para a tabela `tb_nota_fiscal`
--
ALTER TABLE `tb_nota_fiscal`
  ADD CONSTRAINT `tb_nota_fiscal_ibfk_1` FOREIGN KEY (`id_cadastro`) REFERENCES `tb_cadastro` (`id_cadastro`),
  ADD CONSTRAINT `tb_nota_fiscal_ibfk_2` FOREIGN KEY (`id_pagamento`) REFERENCES `tb_pagamento` (`id_pagamento`);

--
-- Limitadores para a tabela `tb_pagamento`
--
ALTER TABLE `tb_pagamento`
  ADD CONSTRAINT `tb_pagamento_ibfk_1` FOREIGN KEY (`id_cadastro`) REFERENCES `tb_cadastro` (`id_cadastro`);

--
-- Limitadores para a tabela `tb_pedido`
--
ALTER TABLE `tb_pedido`
  ADD CONSTRAINT `tb_pedido_ibfk_1` FOREIGN KEY (`id_cadastro`) REFERENCES `tb_cadastro` (`id_cadastro`);

--
-- Limitadores para a tabela `tb_receita`
--
ALTER TABLE `tb_receita`
  ADD CONSTRAINT `tb_receita_ibfk_1` FOREIGN KEY (`id_cardapio`) REFERENCES `tb_cardapio` (`id_cardapio`),
  ADD CONSTRAINT `tb_receita_ibfk_2` FOREIGN KEY (`id_ingrediente`) REFERENCES `tb_ingrediente` (`id_ingrediente`);

--
-- Limitadores para a tabela `tb_senha`
--
ALTER TABLE `tb_senha`
  ADD CONSTRAINT `tb_senha_ibfk_1` FOREIGN KEY (`id_cadastro`) REFERENCES `tb_cadastro` (`id_cadastro`);

--
-- Limitadores para a tabela `tb_solicitacao_mesa`
--
ALTER TABLE `tb_solicitacao_mesa`
  ADD CONSTRAINT `tb_solicitacao_mesa_ibfk_2` FOREIGN KEY (`id_mesa_solicitante`) REFERENCES `tb_mesa` (`id_mesa`),
  ADD CONSTRAINT `tb_solicitacao_mesa_ibfk_3` FOREIGN KEY (`id_mesa_solicitada`) REFERENCES `tb_mesa` (`id_mesa`);

--
-- Limitadores para a tabela `tb_telefone`
--
ALTER TABLE `tb_telefone`
  ADD CONSTRAINT `tb_telefone_ibfk_1` FOREIGN KEY (`id_cadastro`) REFERENCES `tb_cadastro` (`id_cadastro`);
COMMIT;

/*!40101 SET CHARACTER_SET_CLIENT=@OLD_CHARACTER_SET_CLIENT */;
/*!40101 SET CHARACTER_SET_RESULTS=@OLD_CHARACTER_SET_RESULTS */;
/*!40101 SET COLLATION_CONNECTION=@OLD_COLLATION_CONNECTION */;
